college_id,college_name,university_name,institution_type,ownership,state,city,district,address,latitude,longitude,established_year,accreditation,degrees,branches,total_approved_intake,faculty_count,student_count,student_faculty_ratio,placement_rate,median_package_lpa,average_package_lpa,highest_package_lpa,placed_students_count,graduated_students_count,higher_studies_rate,tuition_fee_annual,hostel_fee_annual,estimated_total_cost_annual,hostel_available,pcs_accessibility_score,distance_to_major_city_km,data_source,data_year,academic_indicators,recruiting_companies,internship_information,scholarship_information,campus_area_acres,library_facility,laboratories_facility,sports_facilities,medical_facilities,internet_connectivity,other_facilities,public_transport_information,clubs_and_societies,cultural_events,extracurricular_activities,data_source_url,has_placement_data,data_confidence,is_derived,placement_score,academic_score,affordability_score,infrastructure_score,location_score,student_life_score,confidence_score,data_confidence_tier
IIT-BOMBAY,Indian Institute of Technology Bombay (IIT Bombay),Autonomous - Institute of National Importance,Institute of National Importance (INI),Private,Maharashtra,Mumbai,Mumbai Suburban,"Powai, Mumbai, Maharashtra 400076",19.1334,72.9133,1958.0,Institute of National Importance (INI) - NIRF Top 3,B.Tech; Dual Degree; M.Tech; PhD,Computer Science and Engineering; Electrical Engineering; Mechanical Engineering; Data Science and AI; Aerospace Engineering; Chemical Engineering; Civil Engineering,1350,680.0,11500.0,16.9,88.5,21.82,24.5,168.0,1150.0,1300.0,8.5,220000.0,45000.0,265000.0,Available for Boys & Girls,3.0,0.0,NIRF MHRD Disclosures & JoSAA Gazette,2021,NIRF Ranked Premier / INI,,Mandatory Summer Research & Industrial Internships,Tuition Waiver for eligible categories under Central Sector Scheme & Merit Scholarships,,Central Digital Library & Research Access,Departmental Labs & Research Centers,Sports Complex & Athletic Grounds,Campus Health Centre & Ambulance Access,Campus Wi-Fi & LAN,PCS Accessible Facilities across Campus,City Transit & Campus Access,"Technical, Cultural & Student Societies",Annual Cultural & Technical Festivals,"NSS, NCC, Inter-Collegiate Sports Meets",https://www.nirfindia.org,True,High,False,85.8,96.0,47.3,98.0,92.0,97.0,100.0,High
IIT-DELHI,Indian Institute of Technology Delhi (IIT Delhi),Autonomous - Institute of National Importance,Institute of National Importance (INI),Private,Delhi,New Delhi,South Delhi,"Hauz Khas, New Delhi, Delhi 110016",28.545,77.1926,1961.0,Institute of National Importance (INI) - NIRF Top 2,B.Tech; Dual Degree; M.Tech; PhD,Computer Science and Engineering; Electrical Engineering; Mathematics & Computing; Mechanical Engineering; Civil Engineering; Chemical Engineering; Biotechnology,1200,650.0,10800.0,16.6,89.2,20.5,23.2,150.0,1100.0,1250.0,8.0,220000.0,42000.0,262000.0,Available for Boys & Girls,3.0,0.0,NIRF MHRD Disclosures & JoSAA Gazette,2021,NIRF Ranked Premier / INI,,Mandatory Summer Research & Industrial Internships,Tuition Waiver for eligible categories under Central Sector Scheme & Merit Scholarships,,Central Digital Library & Research Access,Departmental Labs & Research Centers,Sports Complex & Athletic Grounds,Campus Health Centre & Ambulance Access,Campus Wi-Fi & LAN,PCS Accessible Facilities across Campus,City Transit & Campus Access,"Technical, Cultural & Student Societies",Annual Cultural & Technical Festivals,"NSS, NCC, Inter-Collegiate Sports Meets",https://www.nirfindia.org,True,High,False,84.5,96.0,47.9,98.0,92.0,97.0,100.0,High
IIT-MADRAS,Indian Institute of Technology Madras (IIT Madras),Autonomous - Institute of National Importance,Institute of National Importance (INI),Private,Tamil Nadu,Chennai,Chennai,"IIT P.O., Chennai, Tamil Nadu 600036",12.9915,80.2337,1959.0,Institute of National Importance (INI) - NIRF Rank 1,B.Tech; Dual Degree; M.Tech; PhD,Computer Science and Engineering; Electrical Engineering; Mechanical Engineering; Aerospace Engineering; Civil Engineering; Chemical Engineering; Ocean Engineering,1400,630.0,10500.0,16.6,87.5,19.0,21.4,140.0,1020.0,1180.0,9.5,220000.0,44000.0,264000.0,Available for Boys & Girls,3.0,0.0,NIRF MHRD Disclosures & JoSAA Gazette,2021,NIRF Ranked Premier / INI,,Mandatory Summer Research & Industrial Internships,Tuition Waiver for eligible categories under Central Sector Scheme & Merit Scholarships,,Central Digital Library & Research Access,Departmental Labs & Research Centers,Sports Complex & Athletic Grounds,Campus Health Centre & Ambulance Access,Campus Wi-Fi & LAN,PCS Accessible Facilities across Campus,City Transit & Campus Access,"Technical, Cultural & Student Societies",Annual Cultural & Technical Festivals,"NSS, NCC, Inter-Collegiate Sports Meets",https://www.nirfindia.org,True,High,False,82.7,96.0,47.5,98.0,92.0,97.0,100.0,High
IIT-KANPUR,Indian Institute of Technology Kanpur (IIT Kanpur),Autonomous - Institute of National Importance,Institute of National Importance (INI),Private,Uttar Pradesh,Kanpur,Kanpur Nagar,"Kalyanpur, Kanpur, UP 208016",26.5123,80.2329,1959.0,Institute of National Importance (INI) - NIRF Top 5,B.Tech; BS; M.Tech; PhD,Computer Science and Engineering; Electrical Engineering; Mechanical Engineering; Aerospace Engineering; Materials Science; Civil Engineering; Chemical Engineering,1200,520.0,8800.0,16.9,86.0,17.5,19.8,130.0,950.0,1100.0,10.5,220000.0,38000.0,258000.0,Available for Boys & Girls,3.0,15.0,NIRF MHRD Disclosures & JoSAA Gazette,2021,NIRF Ranked Premier / INI,,Mandatory Summer Research & Industrial Internships,Tuition Waiver for eligible categories under Central Sector Scheme & Merit Scholarships,,Central Digital Library & Research Access,Departmental Labs & Research Centers,Sports Complex & Athletic Grounds,Campus Health Centre & Ambulance Access,Campus Wi-Fi & LAN,PCS Accessible Facilities across Campus,City Transit & Campus Access,"Technical, Cultural & Student Societies",Annual Cultural & Technical Festivals,"NSS, NCC, Inter-Collegiate Sports Meets",https://www.nirfindia.org,True,High,False,80.7,96.0,48.7,98.0,92.0,97.0,100.0,High
IIT-KHARAGPUR,Indian Institute of Technology Kharagpur (IIT Kharagpur),Autonomous - Institute of National Importance,Institute of National Importance (INI),Private,West Bengal,Kharagpur,Paschim Medinipur,"Kharagpur, West Bengal 721302",22.3149,87.3105,1951.0,Institute of National Importance (INI),B.Tech; Dual Degree; M.Tech; PhD,Computer Science and Engineering; Electronics & Electrical Communication; Mechanical Engineering; Aerospace Engineering; Civil Engineering; Chemical Engineering; Mining Engineering,1800,750.0,14000.0,18.6,85.0,16.5,19.2,135.0,1400.0,1650.0,9.0,220000.0,40000.0,260000.0,Available for Boys & Girls,3.0,130.0,NIRF MHRD Disclosures & JoSAA Gazette,2021,NIRF Ranked Premier / INI,,Mandatory Summer Research & Industrial Internships,Tuition Waiver for eligible categories under Central Sector Scheme & Merit Scholarships,,Central Digital Library & Research Access,Departmental Labs & Research Centers,Sports Complex & Athletic Grounds,Campus Health Centre & Ambulance Access,Campus Wi-Fi & LAN,PCS Accessible Facilities across Campus,City Transit & Campus Access,"Technical, Cultural & Student Societies",Annual Cultural & Technical Festivals,"NSS, NCC, Inter-Collegiate Sports Meets",https://www.nirfindia.org,True,High,False,78.4,96.0,48.3,98.0,64.0,97.0,100.0,High
IIT-ROORKEE,Indian Institute of Technology Roorkee (IIT Roorkee),Autonomous - Institute of National Importance,Institute of National Importance (INI),Private,Uttarakhand,Roorkee,Haridwar,"Roorkee, Uttarakhand 247667",29.8644,77.8964,1847.0,Institute of National Importance (INI),B.Tech; B.Arch; M.Tech; PhD,Computer Science and Engineering; Electronics & Communication; Electrical Engineering; Mechanical Engineering; Civil Engineering; Chemical Engineering; Data Science,1300,550.0,9200.0,16.7,83.5,17.54,19.5,120.0,663.0,794.0,8.0,220000.0,38000.0,258000.0,Available for Boys & Girls,3.0,180.0,NIRF MHRD Disclosures & JoSAA Gazette,2021,NIRF Ranked Premier / INI,,Mandatory Summer Research & Industrial Internships,Tuition Waiver for eligible categories under Central Sector Scheme & Merit Scholarships,,Central Digital Library & Research Access,Departmental Labs & Research Centers,Sports Complex & Athletic Grounds,Campus Health Centre & Ambulance Access,Campus Wi-Fi & LAN,PCS Accessible Facilities across Campus,City Transit & Campus Access,"Technical, Cultural & Student Societies",Annual Cultural & Technical Festivals,"NSS, NCC, Inter-Collegiate Sports Meets",https://www.nirfindia.org,True,High,False,78.8,96.0,48.7,98.0,64.0,97.0,100.0,High
IIT-GUWAHATI,Indian Institute of Technology Guwahati (IIT Guwahati),Autonomous - Institute of National Importance,Institute of National Importance (INI),Private,Assam,Guwahati,Kamrup,"Amingaon, North Guwahati, Assam 781039",26.1878,91.6916,1994.0,Institute of National Importance (INI),B.Tech; B.Des; M.Tech; PhD,Computer Science and Engineering; Electronics & Electrical Engineering; Mechanical Engineering; Data Science and AI; Chemical Engineering; Civil Engineering; Bioscience,950,480.0,7500.0,15.6,82.2,18.0,20.2,120.0,491.0,597.0,8.5,220000.0,38000.0,258000.0,Available for Boys & Girls,3.0,15.0,NIRF MHRD Disclosures & JoSAA Gazette,2021,NIRF Ranked Premier / INI,,Mandatory Summer Research & Industrial Internships,Tuition Waiver for eligible categories under Central Sector Scheme & Merit Scholarships,,Central Digital Library & Research Access,Departmental Labs & Research Centers,Sports Complex & Athletic Grounds,Campus Health Centre & Ambulance Access,Campus Wi-Fi & LAN,PCS Accessible Facilities across Campus,City Transit & Campus Access,"Technical, Cultural & Student Societies",Annual Cultural & Technical Festivals,"NSS, NCC, Inter-Collegiate Sports Meets",https://www.nirfindia.org,True,High,False,79.0,96.0,48.7,98.0,92.0,97.0,100.0,High
IIT-HYDERABAD,Indian Institute of Technology Hyderabad (IIT Hyderabad),Autonomous - Institute of National Importance,Institute of National Importance (INI),Private,Telangana,Hyderabad,Sangareddy,"Kandi, Sangareddy, Telangana 502285",17.5947,78.123,2008.0,Institute of National Importance (INI) - NIRF Top 8,B.Tech; B.Des; M.Tech; PhD,Computer Science and Engineering; Artificial Intelligence; Electrical Engineering; Mechanical Engineering; Biomedical Engineering; Civil Engineering; Materials Science,600,320.0,4500.0,14.1,84.5,17.0,19.5,65.0,380.0,450.0,11.0,220000.0,40000.0,260000.0,Available for Boys & Girls,3.0,45.0,NIRF MHRD Disclosures & JoSAA Gazette,2021,NIRF Ranked Premier / INI,,Mandatory Summer Research & Industrial Internships,Tuition Waiver for eligible categories under Central Sector Scheme & Merit Scholarships,,Central Digital Library & Research Access,Departmental Labs & Research Centers,Sports Complex & Athletic Grounds,Campus Health Centre & Ambulance Access,Campus Wi-Fi & LAN,PCS Accessible Facilities across Campus,City Transit & Campus Access,"Technical, Cultural & Student Societies",Annual Cultural & Technical Festivals,"NSS, NCC, Inter-Collegiate Sports Meets",https://www.nirfindia.org,True,High,False,79.7,98.0,48.3,98.0,84.0,97.0,100.0,High
IIT-BHU,Indian Institute of Technology (BHU) Varanasi,Autonomous - Institute of National Importance,Institute of National Importance (INI),Private,Uttar Pradesh,Varanasi,Varanasi,"Banaras Hindu University Campus, Varanasi, UP 221005",25.2677,82.9913,1919.0,Institute of National Importance (INI),B.Tech; Dual Degree; M.Tech; PhD,Computer Science and Engineering; Electrical Engineering; Electronics Engineering; Mechanical Engineering; Mining Engineering; Ceramic Engineering; Chemical Engineering,1450,380.0,7200.0,18.9,89.1,13.48,16.5,115.0,669.0,751.0,7.5,220000.0,35000.0,255000.0,Available for Boys & Girls,3.0,5.0,NIRF MHRD Disclosures & JoSAA Gazette,2021,NIRF Ranked Premier / INI,,Mandatory Summer Research & Industrial Internships,Tuition Waiver for eligible categories under Central Sector Scheme & Merit Scholarships,,Central Digital Library & Research Access,Departmental Labs & Research Centers,Sports Complex & Athletic Grounds,Campus Health Centre & Ambulance Access,Campus Wi-Fi & LAN,PCS Accessible Facilities across Campus,City Transit & Campus Access,"Technical, Cultural & Student Societies",Annual Cultural & Technical Festivals,"NSS, NCC, Inter-Collegiate Sports Meets",https://www.nirfindia.org,True,High,False,75.1,96.0,49.3,98.0,92.0,97.0,100.0,High
IIT-DHANBAD,Indian Institute of Technology (ISM) Dhanbad,Autonomous - Institute of National Importance,Institute of National Importance (INI),Private,Jharkhand,Dhanbad,Dhanbad,"Sardar Patel Nagar, Dhanbad, Jharkhand 826004",23.8144,86.4412,1926.0,Institute of National Importance (INI),B.Tech; M.Tech; PhD,Computer Science and Engineering; Mining Engineering; Petroleum Engineering; Mechanical; Electrical; Electronics; Chemical,1100,360.0,7500.0,20.8,78.5,12.5,14.8,50.0,780.0,990.0,8.0,220000.0,36000.0,256000.0,Available for Boys & Girls,3.0,150.0,NIRF MHRD Disclosures & JoSAA Gazette,2021,NIRF Ranked Premier / INI,,Mandatory Summer Research & Industrial Internships,Tuition Waiver for eligible categories under Central Sector Scheme & Merit Scholarships,,Central Digital Library & Research Access,Departmental Labs & Research Centers,Sports Complex & Athletic Grounds,Campus Health Centre & Ambulance Access,Campus Wi-Fi & LAN,PCS Accessible Facilities across Campus,City Transit & Campus Access,"Technical, Cultural & Student Societies",Annual Cultural & Technical Festivals,"NSS, NCC, Inter-Collegiate Sports Meets",https://www.nirfindia.org,True,High,False,69.4,94.0,49.1,98.0,64.0,97.0,100.0,High
IIT-INDORE,Indian Institute of Technology Indore (IIT Indore),Autonomous - Institute of National Importance,Institute of National Importance (INI),Private,Madhya Pradesh,Indore,Indore,"Simrol, Khandwa Road, Indore, MP 453552",22.5204,75.9207,2009.0,Institute of National Importance (INI),B.Tech; M.Tech; PhD,Computer Science and Engineering; Electrical; Mechanical; Civil; Metallurgical and Materials,450,180.0,2600.0,14.4,86.2,16.0,18.5,60.0,260.0,300.0,10.0,220000.0,38000.0,258000.0,Available for Boys & Girls,3.0,25.0,NIRF MHRD Disclosures & JoSAA Gazette,2021,NIRF Ranked Premier / INI,,Mandatory Summer Research & Industrial Internships,Tuition Waiver for eligible categories under Central Sector Scheme & Merit Scholarships,,Central Digital Library & Research Access,Departmental Labs & Research Centers,Sports Complex & Athletic Grounds,Campus Health Centre & Ambulance Access,Campus Wi-Fi & LAN,PCS Accessible Facilities across Campus,City Transit & Campus Access,"Technical, Cultural & Student Societies",Annual Cultural & Technical Festivals,"NSS, NCC, Inter-Collegiate Sports Meets",https://www.nirfindia.org,True,High,False,78.6,98.0,48.7,98.0,92.0,97.0,100.0,High
IIT-GANDHINAGAR,Indian Institute of Technology Gandhinagar (IITGN),Autonomous - Institute of National Importance,Institute of National Importance (INI),Private,Gujarat,Gandhinagar,Gandhinagar,"Palaj, Gandhinagar, Gujarat 382355",23.2115,72.6842,2008.0,Institute of National Importance (INI),B.Tech; M.Tech; PhD,Computer Science and Engineering; Electrical; Mechanical; Chemical; Civil; Materials,300,130.0,2100.0,16.1,85.0,14.5,16.2,52.0,180.0,210.0,12.0,220000.0,40000.0,260000.0,Available for Boys & Girls,3.0,25.0,NIRF MHRD Disclosures & JoSAA Gazette,2021,NIRF Ranked Premier / INI,,Mandatory Summer Research & Industrial Internships,Tuition Waiver for eligible categories under Central Sector Scheme & Merit Scholarships,,Central Digital Library & Research Access,Departmental Labs & Research Centers,Sports Complex & Athletic Grounds,Campus Health Centre & Ambulance Access,Campus Wi-Fi & LAN,PCS Accessible Facilities across Campus,City Transit & Campus Access,"Technical, Cultural & Student Societies",Annual Cultural & Technical Festivals,"NSS, NCC, Inter-Collegiate Sports Meets",https://www.nirfindia.org,True,High,False,76.8,96.0,48.3,98.0,92.0,97.0,100.0,High
IIT-ROPAR,Indian Institute of Technology Ropar (IIT Ropar),Autonomous - Institute of National Importance,Institute of National Importance (INI),Private,Punjab,Rupnagar,Rupnagar,"Bara Phool, Rupnagar, Punjab 140001",30.9753,76.5338,2008.0,Institute of National Importance (INI),B.Tech; M.Tech; PhD,Computer Science and Engineering; Electrical; Mechanical; Chemical; Civil; Mathematics and Computing,420,170.0,2500.0,14.7,84.5,15.0,17.0,55.0,250.0,295.0,9.0,220000.0,38000.0,258000.0,Available for Boys & Girls,3.0,45.0,NIRF MHRD Disclosures & JoSAA Gazette,2021,NIRF Ranked Premier / INI,,Mandatory Summer Research & Industrial Internships,Tuition Waiver for eligible categories under Central Sector Scheme & Merit Scholarships,,Central Digital Library & Research Access,Departmental Labs & Research Centers,Sports Complex & Athletic Grounds,Campus Health Centre & Ambulance Access,Campus Wi-Fi & LAN,PCS Accessible Facilities across Campus,City Transit & Campus Access,"Technical, Cultural & Student Societies",Annual Cultural & Technical Festivals,"NSS, NCC, Inter-Collegiate Sports Meets",https://www.nirfindia.org,True,High,False,76.2,98.0,48.7,98.0,84.0,97.0,100.0,High
IIT-PATNA,Indian Institute of Technology Patna (IIT Patna),Autonomous - Institute of National Importance,Institute of National Importance (INI),Private,Bihar,Patna,Patna,"Bihta, Patna, Bihar 801106",25.5357,84.8512,2008.0,Institute of National Importance (INI),B.Tech; M.Tech; PhD,Computer Science and Engineering; Artificial Intelligence; Electrical; Mechanical; Civil; Chemical,450,160.0,2400.0,15.0,83.0,14.0,16.0,58.0,230.0,275.0,8.0,220000.0,36000.0,256000.0,Available for Boys & Girls,3.0,30.0,NIRF MHRD Disclosures & JoSAA Gazette,2021,NIRF Ranked Premier / INI,,Mandatory Summer Research & Industrial Internships,Tuition Waiver for eligible categories under Central Sector Scheme & Merit Scholarships,,Central Digital Library & Research Access,Departmental Labs & Research Centers,Sports Complex & Athletic Grounds,Campus Health Centre & Ambulance Access,Campus Wi-Fi & LAN,PCS Accessible Facilities across Campus,City Transit & Campus Access,"Technical, Cultural & Student Societies",Annual Cultural & Technical Festivals,"NSS, NCC, Inter-Collegiate Sports Meets",https://www.nirfindia.org,True,High,False,73.7,98.0,49.1,98.0,84.0,97.0,100.0,High
BITS-PILANI,Birla Institute of Technology and Science (BITS Pilani),Deemed to be University - Institute of Eminence,Deemed to be University(Pvt),Private,Rajasthan,Pilani,Jhunjhunu,"Vidya Vihar, Pilani, Rajasthan 333031",28.3639,75.587,1964.0,Institute of Eminence (IoE) / NAAC A,B.E.; M.Sc. (Dual Degree); M.E.; PhD,Computer Science and Engineering; Electrical and Electronics; Electronics and Instrumentation; Mechanical Engineering; Chemical Engineering; Civil Engineering,2800,850.0,16000.0,18.8,87.6,14.0,16.8,60.75,1869.0,2134.0,9.5,480000.0,65000.0,545000.0,Available for Boys & Girls,3.0,190.0,NIRF MHRD Disclosures & Institutional Report,2021,NIRF Ranked Premier / INI,,Mandatory Summer Research & Industrial Internships,Tuition Waiver for eligible categories under Central Sector Scheme & Merit Scholarships,,Central Digital Library & Research Access,Departmental Labs & Research Centers,Sports Complex & Athletic Grounds,Campus Health Centre & Ambulance Access,Campus Wi-Fi & LAN,PCS Accessible Facilities across Campus,City Transit & Campus Access,"Technical, Cultural & Student Societies",Annual Cultural & Technical Festivals,"NSS, NCC, Inter-Collegiate Sports Meets",https://www.nirfindia.org,True,High,False,76.1,82.0,20.0,92.0,64.0,83.0,100.0,High
BITS-GOA,BITS Pilani - K. K. Birla Goa Campus,Deemed to be University - Institute of Eminence,Deemed to be University(Pvt),Private,Goa,Zuarinagar,South Goa,"NH 17B, Bypass Road, Zuarinagar, Sancoale, Goa 403726",15.3911,73.8783,2004.0,Institute of Eminence (IoE) / NAAC A,B.E.; M.Sc. (Dual Degree); M.E.; PhD,Computer Science and Engineering; Electronics & Communication; Electrical & Electronics; Mechanical Engineering; Chemical Engineering,900,220.0,3800.0,17.2,88.0,15.0,17.2,55.0,680.0,770.0,9.0,480000.0,65000.0,545000.0,Available for Boys & Girls,3.0,25.0,NIRF MHRD Disclosures & Institutional Report,2021,NIRF Ranked Premier / INI,,Mandatory Summer Research & Industrial Internships,Tuition Waiver for eligible categories under Central Sector Scheme & Merit Scholarships,,Central Digital Library & Research Access,Departmental Labs & Research Centers,Sports Complex & Athletic Grounds,Campus Health Centre & Ambulance Access,Campus Wi-Fi & LAN,PCS Accessible Facilities across Campus,City Transit & Campus Access,"Technical, Cultural & Student Societies",Annual Cultural & Technical Festivals,"NSS, NCC, Inter-Collegiate Sports Meets",https://www.nirfindia.org,True,High,False,77.6,82.0,20.0,92.0,92.0,83.0,100.0,High
BITS-HYDERABAD,BITS Pilani - Hyderabad Campus,Deemed to be University - Institute of Eminence,Deemed to be University(Pvt),Private,Telangana,Hyderabad,Medchal-Malkajgiri,"Shamirpet-Keesara Road, Jawahar Nagar, Hyderabad, Telangana 500078",17.5449,78.5718,2008.0,Institute of Eminence (IoE) / NAAC A,B.E.; M.Sc. (Dual Degree); M.E.; B.Pharm; PhD,Computer Science and Engineering; Electronics & Communication; Electrical & Electronics; Mechanical Engineering; Civil Engineering; Chemical Engineering,1100,260.0,4600.0,17.6,87.5,14.5,16.5,58.0,790.0,900.0,8.5,480000.0,65000.0,545000.0,Available for Boys & Girls,3.0,28.0,NIRF MHRD Disclosures & Institutional Report,2021,NIRF Ranked Premier / INI,,Mandatory Summer Research & Industrial Internships,Tuition Waiver for eligible categories under Central Sector Scheme & Merit Scholarships,,Central Digital Library & Research Access,Departmental Labs & Research Centers,Sports Complex & Athletic Grounds,Campus Health Centre & Ambulance Access,Campus Wi-Fi & LAN,PCS Accessible Facilities across Campus,City Transit & Campus Access,"Technical, Cultural & Student Societies",Annual Cultural & Technical Festivals,"NSS, NCC, Inter-Collegiate Sports Meets",https://www.nirfindia.org,True,High,False,76.4,82.0,20.0,92.0,84.0,83.0,100.0,High
VIT-VELLORE,Vellore Institute of Technology (VIT Vellore),Deemed to be University - Institute of Eminence,Deemed to be University(Pvt),Private,Tamil Nadu,Vellore,Vellore,"Katpadi, Vellore, Tamil Nadu 632014",12.9692,79.1559,1984.0,Institute of Eminence (IoE) / NAAC A++ (3.66),B.Tech; M.Tech; MCA; MBA; PhD,Computer Science and Engineering; Information Technology; Electronics & Communication; Mechanical Engineering; Electrical & Electronics; Biotechnology; Civil Engineering,6500,1800.0,32000.0,17.7,91.2,8.5,9.2,102.0,4200.0,4600.0,6.5,198000.0,85000.0,283000.0,Available for Boys & Girls,3.0,135.0,NIRF MHRD Disclosures & VIT Placement Report,2021,NIRF Ranked Premier / INI,,Mandatory Summer Research & Industrial Internships,Tuition Waiver for eligible categories under Central Sector Scheme & Merit Scholarships,,Central Digital Library & Research Access,Departmental Labs & Research Centers,Sports Complex & Athletic Grounds,Campus Health Centre & Ambulance Access,Campus Wi-Fi & LAN,PCS Accessible Facilities across Campus,City Transit & Campus Access,"Technical, Cultural & Student Societies",Annual Cultural & Technical Festivals,"NSS, NCC, Inter-Collegiate Sports Meets",https://www.nirfindia.org,True,High,False,65.8,90.0,43.6,92.0,64.0,83.0,100.0,High
VIT-CHENNAI,Vellore Institute of Technology Chennai (VIT Chennai),Deemed to be University - Institute of Eminence,Deemed to be University(Pvt),Private,Tamil Nadu,Chennai,Chengalpattu,"Vandalur-Kelambakkam Road, Chennai, Tamil Nadu 600127",12.8406,80.1534,2010.0,Institute of Eminence (IoE) / NAAC A++,B.Tech; M.Tech; MCA; MBA; PhD,Computer Science and Engineering; Artificial Intelligence and Machine Learning; Electronics and Computer Engineering; Mechanical Engineering; Electrical Engineering,2400,650.0,11000.0,16.9,89.5,8.2,8.8,75.0,1650.0,1850.0,7.0,198000.0,85000.0,283000.0,Available for Boys & Girls,3.0,25.0,NIRF MHRD Disclosures & VIT Placement Report,2021,NIRF Ranked Premier / INI,,Mandatory Summer Research & Industrial Internships,Tuition Waiver for eligible categories under Central Sector Scheme & Merit Scholarships,,Central Digital Library & Research Access,Departmental Labs & Research Centers,Sports Complex & Athletic Grounds,Campus Health Centre & Ambulance Access,Campus Wi-Fi & LAN,PCS Accessible Facilities across Campus,City Transit & Campus Access,"Technical, Cultural & Student Societies",Annual Cultural & Technical Festivals,"NSS, NCC, Inter-Collegiate Sports Meets",https://www.nirfindia.org,True,High,False,64.5,90.0,43.6,92.0,92.0,83.0,100.0,High
NIT-TRICHY,National Institute of Technology Tiruchirappalli (NIT Trichy),Autonomous - Institute of National Importance,Institute of National Importance (INI),Private,Tamil Nadu,Tiruchirappalli,Tiruchirappalli,"Tanjore Main Road, NH 67, Tiruchirappalli, Tamil Nadu 620015",10.7589,78.8132,1964.0,Institute of National Importance (INI) - NIRF Top 10,B.Tech; B.Arch; M.Tech; MBA; MCA; PhD,Computer Science and Engineering; Electronics & Communication; Electrical and Electronics; Mechanical Engineering; Chemical Engineering; Civil Engineering; Metallurgical and Materials,1100,380.0,6800.0,17.8,88.2,10.5,12.8,52.0,556.0,803.0,12.0,135000.0,38000.0,173000.0,Available for Boys & Girls,3.0,20.0,NIRF MHRD Disclosures & CSAB Gazette,2021,NIRF Ranked Premier / INI,,Mandatory Summer Research & Industrial Internships,Tuition Waiver for eligible categories under Central Sector Scheme & Merit Scholarships,,Central Digital Library & Research Access,Departmental Labs & Research Centers,Sports Complex & Athletic Grounds,Campus Health Centre & Ambulance Access,Campus Wi-Fi & LAN,PCS Accessible Facilities across Campus,City Transit & Campus Access,"Technical, Cultural & Student Societies",Annual Cultural & Technical Festivals,"NSS, NCC, Inter-Collegiate Sports Meets",https://www.nirfindia.org,True,High,False,71.2,96.0,65.9,98.0,92.0,97.0,100.0,High
NIT-SURATHKAL,National Institute of Technology Karnataka (NIT Surathkal),Autonomous - Institute of National Importance,Institute of National Importance (INI),Private,Karnataka,Surathkal,Dakshina Kannada,"Srinivasnagar, Surathkal, Mangalore, Karnataka 575025",13.0108,74.7943,1960.0,Institute of National Importance (INI) - NIRF Top 12,B.Tech; M.Tech; MBA; MCA; PhD,Computer Science and Engineering; Information Technology; Electronics & Communication; Electrical and Electronics; Mechanical Engineering; Chemical Engineering; Civil Engineering,1050,350.0,6400.0,18.2,83.6,9.86,12.5,51.5,632.0,756.0,10.5,135000.0,38000.0,173000.0,Available for Boys & Girls,3.0,20.0,NIRF MHRD Disclosures & CSAB Gazette,2021,NIRF Ranked Premier / INI,,Mandatory Summer Research & Industrial Internships,Tuition Waiver for eligible categories under Central Sector Scheme & Merit Scholarships,,Central Digital Library & Research Access,Departmental Labs & Research Centers,Sports Complex & Athletic Grounds,Campus Health Centre & Ambulance Access,Campus Wi-Fi & LAN,PCS Accessible Facilities across Campus,City Transit & Campus Access,"Technical, Cultural & Student Societies",Annual Cultural & Technical Festivals,"NSS, NCC, Inter-Collegiate Sports Meets",https://www.nirfindia.org,True,High,False,67.4,96.0,65.9,98.0,92.0,97.0,100.0,High
NIT-WARANGAL,National Institute of Technology Warangal (NIT Warangal),Autonomous - Institute of National Importance,Institute of National Importance (INI),Private,Telangana,Warangal,Warangal Urban,"Kazipet, Hanamkonda, Warangal, Telangana 506004",17.9836,79.5308,1959.0,Institute of National Importance (INI),B.Tech; M.Tech; MCA; MBA; PhD,Computer Science and Engineering; Electronics & Communication; Electrical and Electronics; Mechanical Engineering; Chemical Engineering; Civil Engineering; Biotechnology,1000,340.0,6200.0,18.2,79.4,9.0,11.8,50.0,572.0,720.0,11.0,135000.0,38000.0,173000.0,Available for Boys & Girls,3.0,140.0,NIRF MHRD Disclosures & CSAB Gazette,2021,NIRF Ranked Premier / INI,,Mandatory Summer Research & Industrial Internships,Tuition Waiver for eligible categories under Central Sector Scheme & Merit Scholarships,,Central Digital Library & Research Access,Departmental Labs & Research Centers,Sports Complex & Athletic Grounds,Campus Health Centre & Ambulance Access,Campus Wi-Fi & LAN,PCS Accessible Facilities across Campus,City Transit & Campus Access,"Technical, Cultural & Student Societies",Annual Cultural & Technical Festivals,"NSS, NCC, Inter-Collegiate Sports Meets",https://www.nirfindia.org,True,High,False,64.0,96.0,65.9,98.0,64.0,97.0,100.0,High
NIT-ROURKELA,National Institute of Technology Rourkela (NIT Rourkela),Autonomous - Institute of National Importance,Institute of National Importance (INI),Private,Odisha,Rourkela,Sundargarh,"Sector 1, Rourkela, Odisha 769008",22.2531,84.9011,1961.0,Institute of National Importance (INI),B.Tech; Dual Degree; M.Tech; PhD,Computer Science and Engineering; Electronics and Communication; Electrical Engineering; Mechanical Engineering; Chemical Engineering; Mining Engineering; Metallurgy,1150,370.0,6800.0,18.3,79.0,7.11,10.5,48.0,430.0,544.0,12.5,135000.0,38000.0,173000.0,Available for Boys & Girls,3.0,320.0,NIRF MHRD Disclosures & CSAB Gazette,2021,NIRF Ranked Premier / INI,,Mandatory Summer Research & Industrial Internships,Tuition Waiver for eligible categories under Central Sector Scheme & Merit Scholarships,,Central Digital Library & Research Access,Departmental Labs & Research Centers,Sports Complex & Athletic Grounds,Campus Health Centre & Ambulance Access,Campus Wi-Fi & LAN,PCS Accessible Facilities across Campus,City Transit & Campus Access,"Technical, Cultural & Student Societies",Annual Cultural & Technical Festivals,"NSS, NCC, Inter-Collegiate Sports Meets",https://www.nirfindia.org,True,High,False,59.6,96.0,65.9,98.0,55.0,97.0,100.0,High
NIT-CALICUT,National Institute of Technology Calicut (NIT Calicut),Autonomous - Institute of National Importance,Institute of National Importance (INI),Private,Kerala,Kozhikode,Kozhikode,"NIT Campus P.O., Kozhikode, Kerala 673601",11.3216,75.9336,1961.0,Institute of National Importance (INI),B.Tech; B.Arch; M.Tech; PhD,Computer Science and Engineering; Electronics & Communication; Electrical; Mechanical; Chemical; Civil; Biotechnology,1100,320.0,6200.0,19.3,81.0,9.5,11.5,47.0,520.0,642.0,10.0,135000.0,38000.0,173000.0,Available for Boys & Girls,3.0,22.0,NIRF MHRD Disclosures & CSAB Gazette,2021,NIRF Ranked Premier / INI,,Mandatory Summer Research & Industrial Internships,Tuition Waiver for eligible categories under Central Sector Scheme & Merit Scholarships,,Central Digital Library & Research Access,Departmental Labs & Research Centers,Sports Complex & Athletic Grounds,Campus Health Centre & Ambulance Access,Campus Wi-Fi & LAN,PCS Accessible Facilities across Campus,City Transit & Campus Access,"Technical, Cultural & Student Societies",Annual Cultural & Technical Festivals,"NSS, NCC, Inter-Collegiate Sports Meets",https://www.nirfindia.org,True,High,False,65.4,96.0,65.9,98.0,92.0,97.0,100.0,High
IIIT-HYDERABAD,International Institute of Information Technology Hyderabad (IIIT-H),Deemed to be University,Deemed to be University(Pvt),Private,Telangana,Hyderabad,Rangareddy,"Gachibowli, Hyderabad, Telangana 500032",17.4455,78.3489,1998.0,NAAC A++ / NIRF Top CSE,B.Tech; Dual Degree; M.Tech; PhD,Computer Science and Engineering; Electronics and Communication Engineering; Computer Science and Humanities; Computational Natural Sciences,350,140.0,1900.0,13.5,97.5,30.0,32.0,102.0,320.0,330.0,6.5,360000.0,60000.0,420000.0,Available for Boys & Girls,3.0,0.0,IIIT-H Mandatory Disclosure & NIRF Report,2021,NIRF Ranked Premier / INI,,Mandatory Summer Research & Industrial Internships,Tuition Waiver for eligible categories under Central Sector Scheme & Merit Scholarships,,Central Digital Library & Research Access,Departmental Labs & Research Centers,Sports Complex & Athletic Grounds,Campus Health Centre & Ambulance Access,Campus Wi-Fi & LAN,PCS Accessible Facilities across Campus,City Transit & Campus Access,"Technical, Cultural & Student Societies",Annual Cultural & Technical Festivals,"NSS, NCC, Inter-Collegiate Sports Meets",https://www.nirfindia.org,True,High,False,91.6,92.0,20.0,92.0,92.0,83.0,100.0,High
DTU-DELHI,Delhi Technological University (DTU),State Government University (Formerly DCE),State Government University,Government,Delhi,Delhi,North West Delhi,"Shahbad Daulatpur, Main Bawana Road, Delhi 110042",28.7501,77.1177,1941.0,State University / NAAC A / NIRF Top 30,B.Tech; M.Tech; MBA; PhD,Computer Engineering; Information Technology; Software Engineering; Electronics & Communication; Mechanical Engineering; Electrical Engineering; Mathematics and Computing,2400,480.0,12000.0,25.0,88.0,13.0,15.2,105.0,1450.0,1650.0,9.0,210000.0,52000.0,262000.0,Available for Boys & Girls,3.0,0.0,NIRF MHRD Disclosures & DTU Placement Report,2021,NIRF Ranked Premier / INI,,Mandatory Summer Research & Industrial Internships,Tuition Waiver for eligible categories under Central Sector Scheme & Merit Scholarships,,Central Digital Library & Research Access,Departmental Labs & Research Centers,Sports Complex & Athletic Grounds,Campus Health Centre & Ambulance Access,Campus Wi-Fi & LAN,PCS Accessible Facilities across Campus,City Transit & Campus Access,"Technical, Cultural & Student Societies",Annual Cultural & Technical Festivals,"NSS, NCC, Inter-Collegiate Sports Meets",https://www.nirfindia.org,True,High,False,74.5,80.0,51.9,92.0,92.0,83.0,100.0,High
COEP-PUNE,COEP Technological University (College of Engineering Pune),Unitary State University (Formerly Autonomous College),State Government University,Government,Maharashtra,Pune,Pune,"Wellesley Road, Shivajinagar, Pune, Maharashtra 411005",18.5293,73.8565,1854.0,State University / NBA Accredited Tier-1,B.Tech; M.Tech; MBA; PhD,Computer Engineering; Electronics & Telecommunication; Mechanical Engineering; Electrical Engineering; Civil Engineering; Metallurgy and Materials; Instrumentation,850,280.0,4200.0,15.0,84.0,9.5,11.2,50.5,680.0,810.0,12.0,135000.0,35000.0,170000.0,Available for Boys & Girls,3.0,0.0,COEP Mandatory Disclosures & NIRF Report,2021,NIRF Ranked Premier / INI,,Mandatory Summer Research & Industrial Internships,Tuition Waiver for eligible categories under Central Sector Scheme & Merit Scholarships,,Central Digital Library & Research Access,Departmental Labs & Research Centers,Sports Complex & Athletic Grounds,Campus Health Centre & Ambulance Access,Campus Wi-Fi & LAN,PCS Accessible Facilities across Campus,City Transit & Campus Access,"Technical, Cultural & Student Societies",Annual Cultural & Technical Festivals,"NSS, NCC, Inter-Collegiate Sports Meets",https://www.nirfindia.org,True,High,False,67.4,84.0,70.6,92.0,92.0,83.0,100.0,High
RVCE-BENGALURU,RV College of Engineering (RVCE Bengaluru),Autonomous - Affiliated to VTU Belagavi,Private-Self Financing,Private,Karnataka,Bengaluru,Bengaluru Urban,"Mysore Road, RV Vidyanikethan Post, Bengaluru, Karnataka 560059",12.9237,77.4987,1963.0,Autonomous / NAAC A+ / NBA Tier-1,B.E.; M.Tech; MCA; PhD,Computer Science and Engineering; Information Science; Electronics & Communication; Electrical and Electronics; Mechanical Engineering; Aerospace Engineering; Biotechnology,1200,390.0,5500.0,14.1,89.0,10.5,12.2,62.0,920.0,1030.0,8.5,240000.0,95000.0,335000.0,Available for Boys & Girls,3.0,0.0,RVCE Placement Report & NIRF Disclosures,2021,NIRF Ranked Premier / INI,,Mandatory Summer Research & Industrial Internships,Tuition Waiver for eligible categories under Central Sector Scheme & Merit Scholarships,,Central Digital Library & Research Access,Departmental Labs & Research Centers,Sports Complex & Athletic Grounds,Campus Health Centre & Ambulance Access,Campus Wi-Fi & LAN,PCS Accessible Facilities across Campus,City Transit & Campus Access,"Technical, Cultural & Student Societies",Annual Cultural & Technical Festivals,"NSS, NCC, Inter-Collegiate Sports Meets",https://www.nirfindia.org,True,High,False,70.1,74.0,33.0,84.0,92.0,70.0,100.0,High
1-44641214719,TEZPUR UNIVERSITY,"Tezpur University, Tezpur",Central University,Government,Assam,Sonitpur,SONITPUR,"NAPAAM TEZPUR - 784 028 DISTRICT  :  SONITPUR ASSAM, INDIA",,,,NIRF Disclosed / AICTE Approved,Post Graduate; Under Graduate,Bio Electronics; Civil Engineering; Computer Science And Engineering; Data Sciences; Design; Electrical Engineering; Electronics And Communications Engineering; Electronics Design And Technology; Energy Technology; Food Engineering And Technology,618,291.0,3475.0,11.9,9.1,2.12,,,3.0,33.0,36.4,,,,Contact College,3.0,,NIRF MHRD Disclosures,2021,,,,,,,,,,,,,,,,https://www.nirfindia.org,True,High,False,18.6,89.0,86.0,98.0,68.0,78.0,75.0,High
1-44640228726,PANJAB UNIVERSITY,"Panjab University, Chandigarh",State Government University,Government,Chandigarh,Chandigarh,CHANDIGARH,"UCIM (UNIVERSITY CENTRE FOR INSTRUMENTATION AND MICROELECTRONICS), PANJAB UNIVERSITY, CHANDIGARH.",,,,NIRF Disclosed / AICTE Approved,Post Graduate,Instrumentation Engineering,13,1005.0,15953.0,15.9,0.1,3.6,,,1.0,1120.0,4.4,,,,Contact College,3.0,,NIRF MHRD Disclosures,2021,,,,,,,,,,,,,,,,https://www.nirfindia.org,True,High,False,11.7,82.0,86.0,88.0,68.0,78.0,75.0,High
1-44638498929,JAWAHARLAL NEHRU UNIVERSITY,NOT APPLICABLE,Central University,Government,Delhi,South West Delhi,SOUTH WEST DELHI,SCHOOL OF COMPUTER AND SYSTEMS SCIENCES JAWAHARLAL NEHRU UNIVERSITY,,,,NIRF Disclosed / AICTE Approved,Post Graduate,Computer Science & Technology; Data Sciences; Master Of Computer Applications,120,647.0,4272.0,6.6,6.5,6.0,,,20.0,310.0,14.5,,,,Contact College,3.0,,NIRF MHRD Disclosures,2021,,,,,,,,,,,,,,,,https://www.nirfindia.org,True,High,False,28.0,89.0,86.0,98.0,68.0,78.0,75.0,High
1-44640144514,DELHI TECHNOLOGICAL UNIVERSITY,NOT APPLICABLE,State Government University,Government,Delhi,North West Delhi,NORTH WEST DELHI,SHAHBAD DAULATPUR BAWANA ROAD,,,,NIRF Disclosed / AICTE Approved,Post Graduate; Under Graduate,Artificial Intelligence; Bachelor Of Design (B.Des.); Bba; Bioinformatics; Biotechnology; Chemical Engineering; Civil Engineering; Computer Aided Analysis And Design; Computer Science & Engineering; Computer Science And Engineering,4223,823.0,9852.0,12.0,16.9,6.0,,,30.0,178.0,83.1,,,,Contact College,3.0,,NIRF MHRD Disclosures,2021,,,,,,,,,,,,,,,,https://www.nirfindia.org,True,High,False,36.4,84.0,86.0,88.0,68.0,78.0,75.0,High
1-44641325535,GURU GOBIND SINGH INDRAPRASTHA UNIVERSITY,NOT APPLICABLE,State Government University,Government,Delhi,South West Delhi,SOUTH WEST DELHI,"SECTOR 16C, DWARKA",,,,NIRF Disclosed / AICTE Approved,Post Graduate,Biotechnology; Chemical Engineering; Computer Science And Engineering; Electronics & Communication Engg; Engineering Physics; Environmental Engineering And Management; Food Processing Technology; Industrial Biotechnology; Information Technology; Master Of Science In Software Engineering,446,221.0,3281.0,14.8,32.5,6.0,,,76.0,234.0,23.9,,,,Contact College,3.0,,NIRF MHRD Disclosures,2021,,,,,,,,,,,,,,,,https://www.nirfindia.org,True,High,False,42.2,84.0,86.0,88.0,68.0,78.0,75.0,High
1-44640378024,BIRLA INSTITUTE OF TECHNOLOGY,"Birla Institute of Technology, Ranchi",Deemed to be University(Pvt),Private,Jharkhand,Ranchi,RANCHI,"MESRA, RANCHI - 835215",,,,NIRF Disclosed / AICTE Approved,Diploma; Integrated; Post Graduate; Under Graduate,Aerospace Engineering; Artificial Intelligence And Machine Learning; Automobile Engineering; Bba; Bba/Mba; Bca; Biotechnology; Chemical Engineering; Civil Engineering; Computer Engineering,2592,,,,67.3,7.11,,,442.0,657.0,4.6,,,,Contact College,,,NIRF MHRD Disclosures,2021,,,,,,,,,,,,,,,,https://www.nirfindia.org,True,High,False,51.8,80.0,62.0,76.0,68.0,78.0,62.5,High
1-44638542634,JSS ACADEMY OF HIGHER EDUCATION AND RESEARCH,NOT APPLICABLE,Deemed to be University(Pvt),Private,Karnataka,Mysore,MYSORE,"BANNIMANTAP ROAD, SRI SHIVARATHREESHWARA NAGARA, BANNIMANTAP A LAYOUT, BANNIMANTAP, MYSURU, KARNATAKA 570015",,,,NIRF Disclosed / AICTE Approved,Post Graduate; Under Graduate,Bba; Mba (Information Technology ); Mba(Hospital Administration); Mba(Pharmacy Administration),780,813.0,5629.0,6.9,62.4,7.56,,,151.0,242.0,37.6,,,,Contact College,3.0,,NIRF MHRD Disclosures,2021,,,,,,,,,,,,,,,,https://www.nirfindia.org,True,High,False,59.2,84.0,62.0,88.0,68.0,78.0,75.0,High
1-44637278596,MANIPAL ACADEMY OF HIGHER EDUCATION,NOT APPLICABLE,Deemed to be University(Pvt),Private,Karnataka,Udupi,UDUPI,"MADHAVA NAGAR, MANIPAL",,,,NIRF Disclosed / AICTE Approved,Post Graduate; Under Graduate,Bachelor Of Business Administration (Bba); Bachelor Of Design(Fashion Design); Bachelor Of Design(Interior Design); Bachelor Of Hotel Management; Bba; Computer Science And Engineering; Computer Science And Engineering (Artificial Intelligence And Machine Learning); Computer Science And Engineering (Big Data Analytics); Computer Science And Engineering (Cloud Computing); Computer Science And Engineering (Embedded Systems),7685,2661.0,23443.0,8.8,25.0,3.0,,,170.0,679.0,71.1,,,,Contact College,3.0,,NIRF MHRD Disclosures,2021,,,,,,,,,,,,,,,,https://www.nirfindia.org,True,High,False,26.7,84.0,62.0,88.0,68.0,78.0,75.0,High
1-44639931622,INSTITUTE OF CHEMICAL TECHNOLOGY,NOT APPLICABLE,Deemed to be University(Govt),Government,Maharashtra,Mumbai City,MUMBAI CITY,"NATHALAL PAREKH MARG, MATUNGA",,,,NIRF Disclosed / AICTE Approved,Post Graduate; Under Graduate,"Bioprocess Technology; Chemical Engineering; Dyestuff Technology; Fibres And Textiles Processing Technology; Food Biotechnology; Food Engineering And Technology; Green Technology; Mba (Innovation, Entrepreneurship And Venture  Development (Iev)); Oils, Oleochemicals And Surfactants Technology; Perfumery And Flavour Technology",504,168.0,1853.0,11.0,39.1,6.0,,,95.0,243.0,33.3,,,,Contact College,3.0,,NIRF MHRD Disclosures,2021,,,,,,,,,,,,,,,,https://www.nirfindia.org,True,High,False,45.3,84.0,86.0,88.0,68.0,78.0,75.0,High
1-44643712786,SVKM'S NARSEE MONJEE INSTITUTE OF MANAGEMENT STUDIES,NOT APPLICABLE,State Private University,Private,Maharashtra,Dhule,DHULE,"BABHULDE, BANK OF TAPI RIVER, MUMBAI AGRA ROAD",,,,NIRF Disclosed / AICTE Approved,Diploma; Integrated; Under Graduate,Artificial Intelligence And Machine Learning; Computer Engineering; Computer Science; Computer Science And Engineering (Data Science); Information Technology; Mba Pharma Tech; Mba Tech Computer Engineering; Textile Technology,720,574.0,6817.0,11.9,18.0,4.1,,,97.0,539.0,6.9,,,,Contact College,3.0,,NIRF MHRD Disclosures,2021,,,,,,,,,,,,,,,,https://www.nirfindia.org,True,High,False,22.2,66.0,62.0,88.0,68.0,78.0,75.0,High
1-44638401484,SIKSHA 'O' ANUSANDHAN,NOT APPLICABLE,Deemed to be University(Pvt),Private,Odisha,Khordha,KHORDHA,"KHANDAGIRI, BHUBANESWAR",,,,NIRF Disclosed / AICTE Approved,Integrated; Post Graduate; Under Graduate,Bba; Bca; Civil Engineering; Computer Science & Engineering; Computer Science And Engineering; Computer Science And Engineering (Artificial Intelligence And Machine Learning); Computer Science And Engineering (Cyber Security); Computer Science And Engineering (Data Science); Computer Science And Engineering (Internet Of Things); Computer Science And Information Technology,4440,1393.0,12912.0,9.3,75.6,3.5,,,0.0,0.0,,,,,Contact College,3.0,,NIRF MHRD Disclosures,2021,,,,,,,,,,,,,,,,https://www.nirfindia.org,True,High,False,44.0,84.0,62.0,88.0,68.0,78.0,75.0,High
1-44638167650,PONDICHERRY UNIVERSITY,NOT APPLICABLE,Central University,Government,Puducherry,Puducherry,PUDUCHERRY,"DR. B.R. AMBEDKAR BUILDING, R.V. NAGAR, KALAPET",,,,NIRF Disclosed / AICTE Approved,Post Graduate; Under Graduate,Bba; Bca; Civil Engineering (Environmental And Pollution Control); Computational Biology; Computer Applications; Computer Networks And Information Security; Computer Science & Engineering; Computer Science And Business Systems; Computer Science And Engineering; Electronics And Communication Engineering,902,339.0,6011.0,17.7,55.1,2.4,,,113.0,205.0,28.3,,,,Contact College,3.0,,NIRF MHRD Disclosures,2021,,,,,,,,,,,,,,,,https://www.nirfindia.org,True,High,False,37.0,87.0,86.0,98.0,68.0,78.0,75.0,High
1-44638926274,THAPAR INSTITUTE OF ENGINEERING AND TECHNOLOGY DEEMED TO BE UNIVERSITY,NOT APPLICABLE,Deemed to be University(Pvt),Private,Punjab,Patiala,PATIALA,THAPAR TECHNOLOGY CAMPUS BHADSON ROAD,,,,NIRF Disclosed / AICTE Approved,Post Graduate; Under Graduate,Artificial Intelligence; Artificial Intelligence And Data Science; Bba; Biomedical Engineering; Biotechnology; Chemical Engineering; Civil Engineering; Civil Engineering With Computer Application; Computer Engineering; Computer Science & Engineering,3720,,,,73.0,6.2,,,901.0,1234.0,4.5,,,,Contact College,,,NIRF MHRD Disclosures,2021,,,,,,,,,,,,,,,,https://www.nirfindia.org,True,High,False,51.3,80.0,62.0,76.0,68.0,78.0,62.5,High
1-44638177879,ANNA UNIVERSITY,NOT APPLICABLE,State Government University,Government,Tamil Nadu,Chennai,CHENNAI,SARDAR PATEL ROAD CHENNAI-25 TAMIL NADU,,,,NIRF Disclosed / AICTE Approved,Post Graduate; Under Graduate,Aeronautical Engineering; Aerospace Technology; Apparel Technology; Applied Electronics; Artificial Intelligence (Ai)  And Data Science; Automobile Engineering; Avionics; Biomedical Engineering; Biopharmaceutical Technology; Biotechnology,6291,1024.0,15149.0,14.8,49.9,5.5,,,1128.0,2260.0,6.9,,,,Contact College,3.0,,NIRF MHRD Disclosures,2021,,,,,,,,,,,,,,,,https://www.nirfindia.org,True,High,False,40.6,84.0,86.0,88.0,68.0,78.0,75.0,High
1-44638184908,SRM INSTITUTE OF SCIENCE AND TECHNOLOGY,NOT APPLICABLE,Deemed to be University(Pvt),Private,Tamil Nadu,Kanchipuram,KANCHIPURAM,KATTANKULATHUR,,,,NIRF Disclosed / AICTE Approved,Integrated; Post Graduate; Under Graduate,Aero Space Engineering; Aerospace Engineering; Artificial Intelligence; Artificial Intelligence And Data Science; Automation And Robotics; Automobile Engineering; Automobile Engineering With Specialisation In Automotive Electronics; Automobile Engineering With Specialisation In Vehicle Testing; Automotive Engineering; Automotive Hybrid Systems Engineering,21607,3350.0,48995.0,14.6,21.8,2.5,,,550.0,2526.0,6.3,,,,Contact College,3.0,,NIRF MHRD Disclosures,2021,,,,,,,,,,,,,,,,https://www.nirfindia.org,True,High,False,16.2,84.0,62.0,88.0,68.0,78.0,75.0,High
1-44638278733,PERIYAR UNIVERSITY,NOT APPLICABLE,State Government University,Government,Tamil Nadu,Salem,SALEM,"PERIYAR PALKALAI NAGAR, SALEM-636011",,,,NIRF Disclosed / AICTE Approved,Post Graduate,Master Of Computer Applications,30,,,,22.2,0.96,,,6.0,27.0,66.7,,,,Contact College,,,NIRF MHRD Disclosures,2021,,,,,,,,,,,,,,,,https://www.nirfindia.org,True,High,False,23.9,80.0,86.0,76.0,68.0,78.0,62.5,High
1-44638851661,SAVEETHA INSTITUTE OF MEDICAL AND TECHNICAL SCIENCES,NOT APPLICABLE,Deemed to be University(Pvt),Private,Tamil Nadu,Kanchipuram,KANCHIPURAM,"SAVEETHA NAGAR, SRIPERUMBUDUR TALUK, CHENNAI, TAMILNADU-602105",,,,NIRF Disclosed / AICTE Approved,Post Graduate; Under Graduate,Artificial Intelligence And Data Science; Artificial Intelligence And Machine Learning; Bba; Bca; Bioinformatics; Biomaterial Science And Engineering; Biomedical Engineering; Biotechnology; Civil Engineering; Computer Science & Engineering,3210,876.0,9797.0,11.2,92.5,3.96,,,1287.0,1392.0,5.3,,,,Contact College,3.0,,NIRF MHRD Disclosures,2021,,,,,,,,,,,,,,,,https://www.nirfindia.org,True,High,False,50.8,84.0,62.0,88.0,68.0,78.0,75.0,High
1-44639321669,VELLORE INSTITUTE OF TECHNOLOGY,NOT APPLICABLE,Deemed to be University(Pvt),Private,Tamil Nadu,Vellore,VELLORE,"KATPADI THIRUVALAM ROAD, VELLORE",,,,NIRF Disclosed / AICTE Approved,Integrated; Post Graduate; Under Graduate,Applied Computational Fluid Dynamics; Artificial Intelligence And Machine Learning; Automotive Electronics; Bba; Bca; Biomedical Engineering; Biotechnology; Cad/Cam; Chemical Engineering; Civil Engineering,16508,2129.0,36502.0,17.1,18.9,3.83,,,103.0,544.0,70.4,,,,Contact College,3.0,,NIRF MHRD Disclosures,2021,,,,,,,,,,,,,,,,https://www.nirfindia.org,True,High,False,28.6,82.0,62.0,88.0,68.0,78.0,75.0,High
1-44641691280,TAMILNADU AGRICULTURAL UNIVERSITY,"Tamil Nadu Agricultural University, Coimbatore",Government,Government,Tamil Nadu,Coimbatore,COIMBATORE,"DEPT OF AGRICULTURAL AND RURAL MANAGEMENT TAMILNADU AGRICULTURAL UNIVERSITY, COIMBATORE - 641003",,,,NIRF Disclosed / AICTE Approved,Post Graduate,Mba(Agribusiness Management),30,,,,19.4,3.1,,,174.0,898.0,26.2,,,,Contact College,,,NIRF MHRD Disclosures,2021,,,,,,,,,,,,,,,,https://www.nirfindia.org,True,High,False,25.0,76.0,86.0,68.0,68.0,72.0,62.5,High
1-44643228273,SATHYABAMA INSTITUTE OF SCIENCE AND TECHNOLOGY,NOT APPLICABLE,Deemed to be University(Pvt),Private,Tamil Nadu,Kanchipuram,KANCHIPURAM,"JEPPIAAR NAGAR, RAJIV GANDHI SALAI",,,,NIRF Disclosed / AICTE Approved,Post Graduate; Under Graduate,Aeronautical Engineering; Applied Electronics; Artificial Intelligence And Data Science; Bba; Bca; Biomedical Engineering; Biotechnology; Chemical Engineering; Civil Engineering; Computer Aided Design,7380,1055.0,11939.0,11.3,78.6,3.52,,,184.0,234.0,20.1,,,,Contact College,3.0,,NIRF MHRD Disclosures,2021,,,,,,,,,,,,,,,,https://www.nirfindia.org,True,High,False,49.0,84.0,62.0,88.0,68.0,78.0,75.0,High
1-44642483086,PSG COLLEGE OF TECHNOLOGY,"Anna University, Chennai",Govt aided,Government,Tamil Nadu,Coimbatore,COIMBATORE,AVINASHI ROAD PEELAMEDU,,,,NIRF Disclosed / AICTE Approved,Post Graduate; Under Graduate,Automobile Engineering; Automotive Engineering; Bio Metrics & Cyber Security; Biomedical Engineering; Biotechnology; Civil Engineering; Computer Science And Engineering; Computer Science And Engineering (Artificial Intelligence And Machine Learning); Control Systems; Electrical And Electronics Engineering,2034,596.0,8235.0,13.8,69.2,2.52,,,54.0,78.0,6.4,,,,Contact College,3.0,,NIRF MHRD Disclosures,2021,,,,,,,,,,,,,,,,https://www.nirfindia.org,True,High,False,35.2,66.0,86.0,80.0,68.0,65.0,75.0,High
1-44643142475,JADAVPUR UNIVERSITY,NOT APPLICABLE,State Government University,Government,West Bengal,Kolkata,KOLKATA,"MAIN CAMPUS:  188, RAJA S. C. MALLIK ROAD, JADAVPUR, KOLKATA - 700032 SECOND CAMPUS:  PL - 8, BL - LB, SECTOR - III, SALT LAKE, KOLKATA - 700098",,,,NIRF Disclosed / AICTE Approved,Post Graduate; Under Graduate,Automobile Engineering; Biomedical Engineering; Bioprocess Engineering; Chemical Engineering; Civil Engineering; Computer Science & Engineering; Computer Technology; Construction Engineering; Control System Engineering; Distributed And Mobile Computing,2071,639.0,10985.0,17.2,24.1,5.8,,,205.0,852.0,75.8,,,,Contact College,3.0,,NIRF MHRD Disclosures,2021,,,,,,,,,,,,,,,,https://www.nirfindia.org,True,High,False,38.6,82.0,86.0,88.0,68.0,78.0,75.0,High
NIRF-INDIANINSTITUTEOFENGINEE,Indian Institute of Engineering Science and Technology,Indian Institute of Engineering Science and Technology,Central University,Government,National,Headquarters,Headquarters,"Indian Institute of Engineering Science and Technology, Headquarters, National",,,,NIRF Disclosed / Ministry of Education,B.Tech; M.Tech; PhD,Computer Science; Mechanical; Civil; Electrical; Electronics,566,263.0,3397.0,12.9,70.6,7.0,,,381.0,540.0,10.4,,,,Available for Boys & Girls,3.0,,NIRF MHRD Disclosures,2021,,,,,,,,,,,,,,,,https://www.nirfindia.org,True,High,False,55.1,98.0,86.0,98.0,68.0,83.0,75.0,High
NIRF-JAMIAMILLIAISLAMIA,Jamia Millia Islamia,Jamia Millia Islamia,Central University,Government,National,Headquarters,Headquarters,"Jamia Millia Islamia, Headquarters, National",,,,NIRF Disclosed / Ministry of Education,B.Tech; M.Tech; PhD,Computer Science; Mechanical; Civil; Electrical; Electronics,983,742.0,8623.0,11.6,22.7,4.2,,,223.0,983.0,77.3,,,,Available for Boys & Girls,3.0,,NIRF MHRD Disclosures,2021,,,,,,,,,,,,,,,,https://www.nirfindia.org,True,High,False,31.8,98.0,86.0,98.0,68.0,83.0,75.0,High
NIRF-NATIONALINSTITUTEOFTECHN,National Institute of Technology Durgapur,National Institute of Technology Durgapur,Central University,Government,National,Headquarters,Headquarters,"National Institute of Technology Durgapur, Headquarters, National",,,,NIRF Disclosed / Ministry of Education,B.Tech; M.Tech; PhD,Computer Science; Mechanical; Civil; Electrical; Electronics,768,237.0,3611.0,15.2,68.3,7.97,,,453.0,663.0,22.6,,,,Available for Boys & Girls,3.0,,NIRF MHRD Disclosures,2021,,,,,,,,,,,,,,,,https://www.nirfindia.org,True,High,False,61.7,96.0,86.0,98.0,68.0,83.0,75.0,High
NIRF-MYSOREUNIVERSITY,Mysore University,Mysore University,State Government University,Government,Karnataka,Mysuru,Mysuru,"Mysore University, Mysuru, Karnataka",,,,NIRF Disclosed / Ministry of Education,B.Tech; M.Tech; PhD,Computer Science; Mechanical; Civil; Electrical; Electronics,38,451.0,6165.0,13.7,72.2,3.6,,,26.0,36.0,22.2,,,,Available for Boys & Girls,3.0,,NIRF MHRD Disclosures,2021,,,,,,,,,,,,,,,,https://www.nirfindia.org,True,High,False,47.7,98.0,86.0,92.0,68.0,83.0,75.0,High
NIRF-INDIANINSTITUTEOFTECHNOL,Indian Institute of Technology (Indian School of Mines),Indian Institute of Technology (Indian School of Mines),Central University,Government,National,Headquarters,Headquarters,"Indian Institute of Technology (Indian School of Mines), Headquarters, National",,,,NIRF Disclosed / Ministry of Education,B.Tech; M.Tech; PhD,Computer Science; Mechanical; Civil; Electrical; Electronics,824,354.0,5228.0,14.8,72.1,11.0,,,537.0,745.0,1.9,,,,Available for Boys & Girls,3.0,,NIRF MHRD Disclosures,2021,,,,,,,,,,,,,,,,https://www.nirfindia.org,True,High,False,61.7,98.0,86.0,98.0,68.0,83.0,75.0,High
NIRF-59,National Institute of Technology Karnataka,National Institute of Technology Karnataka,Central University,Government,National,Headquarters,Headquarters,"National Institute of Technology Karnataka, Headquarters, National",,,,NIRF Disclosed / Ministry of Education,B.Tech; M.Tech; PhD,Computer Science; Mechanical; Civil; Electrical; Electronics,740,440.0,4847.0,11.0,83.6,9.86,,,632.0,756.0,15.1,,,,Available for Boys & Girls,3.0,,NIRF MHRD Disclosures,2021,,,,,,,,,,,,,,,,https://www.nirfindia.org,True,High,False,69.3,98.0,86.0,98.0,68.0,83.0,75.0,High
NIRF-NORTHEASTERNHILLUNIVERSI,North Eastern Hill University,North Eastern Hill University,Central University,Government,Meghalaya,Shillong,Shillong,"North Eastern Hill University, Shillong, Meghalaya",,,,NIRF Disclosed / Ministry of Education,B.Tech; M.Tech; PhD,Computer Science; Mechanical; Civil; Electrical; Electronics,240,300.0,3804.0,12.7,15.2,3.8,,,21.0,138.0,0.0,,,,Available for Boys & Girls,2.0,,NIRF MHRD Disclosures,2021,,,,,,,,,,,,,,,,https://www.nirfindia.org,True,High,False,17.0,98.0,86.0,98.0,68.0,83.0,75.0,High
NIRF-ALAGAPPAUNIVERSITY,Alagappa University,Alagappa University,State Government University,Government,Tamil Nadu,Karaikudi,Karaikudi,"Alagappa University, Karaikudi, Tamil Nadu",,,,NIRF Disclosed / Ministry of Education,B.Tech; M.Tech; PhD,Computer Science; Mechanical; Civil; Electrical; Electronics,105,349.0,3305.0,9.5,57.0,0.9,,,45.0,79.0,15.2,,,,Available for Boys & Girls,3.0,,NIRF MHRD Disclosures,2021,,,,,,,,,,,,,,,,https://www.nirfindia.org,True,High,False,33.9,98.0,86.0,92.0,68.0,83.0,75.0,High
NIRF-62,Indian Institute of Technology Hyderabad,Indian Institute of Technology Hyderabad,Central University,Government,National,Headquarters,Headquarters,"Indian Institute of Technology Hyderabad, Headquarters, National",,,,NIRF Disclosed / Ministry of Education,B.Tech; M.Tech; PhD,Computer Science; Mechanical; Civil; Electrical; Electronics,240,242.0,1756.0,7.3,65.8,17.0,,,144.0,219.0,20.1,,,,Available for Boys & Girls,3.0,,NIRF MHRD Disclosures,2021,,,,,,,,,,,,,,,,https://www.nirfindia.org,True,High,False,75.8,98.0,86.0,98.0,68.0,83.0,75.0,High
NIRF-63,National Institute of Technology Warangal,National Institute of Technology Warangal,Central University,Government,National,Headquarters,Headquarters,"National Institute of Technology Warangal, Headquarters, National",,,,NIRF Disclosed / Ministry of Education,B.Tech; M.Tech; PhD,Computer Science; Mechanical; Civil; Electrical; Electronics,800,403.0,5417.0,13.4,79.4,9.0,,,572.0,720.0,9.6,,,,Available for Boys & Girls,3.0,,NIRF MHRD Disclosures,2021,,,,,,,,,,,,,,,,https://www.nirfindia.org,True,High,False,63.5,98.0,86.0,98.0,68.0,83.0,75.0,High
NIRF-THAPARINSTITUTEOFENGINEE,Thapar Institute of Engineering and Technology,Thapar Institute of Engineering and Technology,Central University,Government,National,Headquarters,Headquarters,"Thapar Institute of Engineering and Technology, Headquarters, National",,,,NIRF Disclosed / Ministry of Education,B.Tech; M.Tech; PhD,Computer Science; Mechanical; Civil; Electrical; Electronics,1480,555.0,8212.0,14.8,68.0,8.1,,,1053.0,1549.0,11.7,,,,Available for Boys & Girls,3.0,,NIRF MHRD Disclosures,2021,,,,,,,,,,,,,,,,https://www.nirfindia.org,True,High,False,57.6,98.0,86.0,98.0,68.0,83.0,75.0,High
NIRF-65,Indian Institute of Technology Gandhinagar,Indian Institute of Technology Gandhinagar,Central University,Government,National,Headquarters,Headquarters,"Indian Institute of Technology Gandhinagar, Headquarters, National",,,,NIRF Disclosed / Ministry of Education,B.Tech; M.Tech; PhD,Computer Science; Mechanical; Civil; Electrical; Electronics,180,122.0,1303.0,10.7,52.6,8.96,,,82.0,156.0,23.7,,,,Available for Boys & Girls,3.0,,NIRF MHRD Disclosures,2021,,,,,,,,,,,,,,,,https://www.nirfindia.org,True,High,False,58.3,98.0,86.0,98.0,68.0,83.0,75.0,High
NIRF-SHIVNADARUNIVERSITY,Shiv Nadar University,Shiv Nadar University,Private University,Private,Uttar Pradesh,Greater Noida,Greater Noida,"Shiv Nadar University, Greater Noida, Uttar Pradesh",,,,NIRF Disclosed / Ministry of Education,B.Tech; M.Tech; PhD,Computer Science; Mechanical; Civil; Electrical; Electronics,504,243.0,1845.0,7.6,64.3,6.0,,,313.0,487.0,10.3,,,,Available for Boys & Girls,3.0,,NIRF MHRD Disclosures,2021,,,,,,,,,,,,,,,,https://www.nirfindia.org,True,High,False,49.5,98.0,62.0,92.0,68.0,83.0,75.0,High
NIRF-67,Indian Institute of Technology Bombay,Indian Institute of Technology Bombay,Central University,Government,National,Headquarters,Headquarters,"Indian Institute of Technology Bombay, Headquarters, National",,,,NIRF Disclosed / Ministry of Education,B.Tech; M.Tech; PhD,Computer Science; Mechanical; Civil; Electrical; Electronics,779,682.0,7465.0,10.9,72.5,35.0,,,464.0,640.0,18.4,,,,Available for Boys & Girls,3.0,,NIRF MHRD Disclosures,2021,,,,,,,,,,,,,,,,https://www.nirfindia.org,True,High,False,86.4,98.0,86.0,98.0,68.0,83.0,75.0,High
NIRF-68,Indian Institute of Technology Roorkee,Indian Institute of Technology Roorkee,Central University,Government,National,Headquarters,Headquarters,"Indian Institute of Technology Roorkee, Headquarters, National",,,,NIRF Disclosed / Ministry of Education,B.Tech; M.Tech; PhD,Computer Science; Mechanical; Civil; Electrical; Electronics,845,574.0,5629.0,9.8,83.5,17.54,,,663.0,794.0,16.5,,,,Available for Boys & Girls,3.0,,NIRF MHRD Disclosures,2021,,,,,,,,,,,,,,,,https://www.nirfindia.org,True,High,False,82.2,98.0,86.0,98.0,68.0,83.0,75.0,High
NIRF-CALICUTUNIVERSITY,Calicut University,Calicut University,State Government University,Government,Kerala,Thenhipalam,Thenhipalam,"Calicut University, Thenhipalam, Kerala",,,,NIRF Disclosed / Ministry of Education,B.Tech; M.Tech; PhD,Computer Science; Mechanical; Civil; Electrical; Electronics,55,260.0,2135.0,8.2,16.2,3.81,,,6.0,37.0,67.6,,,,Available for Boys & Girls,3.0,,NIRF MHRD Disclosures,2021,,,,,,,,,,,,,,,,https://www.nirfindia.org,True,High,False,27.4,98.0,86.0,92.0,68.0,83.0,75.0,High
NIRF-BHARATHIDASANUNIVERSITY,Bharathidasan University,Bharathidasan University,State Government University,Government,Tamil Nadu,Tiruchirappalli,Tiruchirappalli,"Bharathidasan University, Tiruchirappalli, Tamil Nadu",,,,NIRF Disclosed / Ministry of Education,B.Tech; M.Tech; PhD,Computer Science; Mechanical; Civil; Electrical; Electronics,160,259.0,2645.0,10.2,27.5,1.26,,,22.0,80.0,13.8,,,,Available for Boys & Girls,3.0,,NIRF MHRD Disclosures,2021,,,,,,,,,,,,,,,,https://www.nirfindia.org,True,High,False,21.5,98.0,86.0,92.0,68.0,83.0,75.0,High
NIRF-71,Indian Institute of Technology Madras,Indian Institute of Technology Madras,Central University,Government,National,Headquarters,Headquarters,"Indian Institute of Technology Madras, Headquarters, National",,,,NIRF Disclosed / Ministry of Education,B.Tech; M.Tech; PhD,Computer Science; Mechanical; Civil; Electrical; Electronics,466,642.0,6609.0,10.3,76.5,15.0,,,286.0,374.0,11.5,,,,Available for Boys & Girls,3.0,,NIRF MHRD Disclosures,2021,,,,,,,,,,,,,,,,https://www.nirfindia.org,True,High,False,74.0,98.0,86.0,98.0,68.0,83.0,75.0,High
NIRF-AMRITAVISHWAVIDYAPEETHAM,Amrita Vishwa Vidyapeetham,Amrita Vishwa Vidyapeetham,Deemed University (Private),Private,Tamil Nadu,Coimbatore,Coimbatore,"Amrita Vishwa Vidyapeetham, Coimbatore, Tamil Nadu",,,,NIRF Disclosed / Ministry of Education,B.Tech; M.Tech; PhD,Computer Science; Mechanical; Civil; Electrical; Electronics,900,1624.0,21108.0,13.0,15.6,2.23,,,121.0,776.0,52.4,,,,Available for Boys & Girls,3.0,,NIRF MHRD Disclosures,2021,,,,,,,,,,,,,,,,https://www.nirfindia.org,True,High,False,21.2,98.0,62.0,92.0,68.0,83.0,75.0,High
NIRF-BHARATHINSTITUTEOFHIGHER,Bharath Institute of Higher Education & Research,Bharath Institute of Higher Education & Research,Central University,Government,National,Headquarters,Headquarters,"Bharath Institute of Higher Education & Research, Headquarters, National",,,,NIRF Disclosed / Ministry of Education,B.Tech; M.Tech; PhD,Computer Science; Mechanical; Civil; Electrical; Electronics,720,1338.0,16986.0,12.7,65.3,3.55,,,438.0,671.0,34.7,,,,Available for Boys & Girls,3.0,,NIRF MHRD Disclosures,2021,,,,,,,,,,,,,,,,https://www.nirfindia.org,True,High,False,45.8,98.0,86.0,98.0,68.0,83.0,75.0,High
NIRF-74,Indian Institute of Technology Guwahati,Indian Institute of Technology Guwahati,Central University,Government,National,Headquarters,Headquarters,"Indian Institute of Technology Guwahati, Headquarters, National",,,,NIRF Disclosed / Ministry of Education,B.Tech; M.Tech; PhD,Computer Science; Mechanical; Civil; Electrical; Electronics,660,436.0,4339.0,10.0,82.2,18.0,,,491.0,597.0,9.7,,,,Available for Boys & Girls,3.0,,NIRF MHRD Disclosures,2021,,,,,,,,,,,,,,,,https://www.nirfindia.org,True,High,False,79.5,98.0,86.0,98.0,68.0,83.0,75.0,High
NIRF-SAVITRIBAIPHULEPUNEUNIVE,Savitribai Phule Pune University,Savitribai Phule Pune University,Central University,Government,National,Headquarters,Headquarters,"Savitribai Phule Pune University, Headquarters, National",,,,NIRF Disclosed / Ministry of Education,B.Tech; M.Tech; PhD,Computer Science; Mechanical; Civil; Electrical; Electronics,30,712.0,4427.0,6.2,33.3,3.55,,,10.0,30.0,46.7,,,,Available for Boys & Girls,3.0,,NIRF MHRD Disclosures,2021,,,,,,,,,,,,,,,,https://www.nirfindia.org,True,High,False,33.0,98.0,86.0,98.0,68.0,83.0,75.0,High
NIRF-MAHATMAGANDHIUNIVERSITY,Mahatma Gandhi University,Mahatma Gandhi University,Central University,Government,National,Headquarters,Headquarters,"Mahatma Gandhi University, Headquarters, National",,,,NIRF Disclosed / Ministry of Education,B.Tech; M.Tech; PhD,Computer Science; Mechanical; Civil; Electrical; Electronics,30,135.0,1137.0,8.4,0.0,0.96,,,0.0,24.0,54.2,,,,Available for Boys & Girls,3.0,,NIRF MHRD Disclosures,2021,,,,,,,,,,,,,,,,https://www.nirfindia.org,True,High,False,15.0,98.0,86.0,98.0,68.0,83.0,75.0,High
NIRF-77,Indian Institute of Technology Mandi,Indian Institute of Technology Mandi,Central University,Government,National,Headquarters,Headquarters,"Indian Institute of Technology Mandi, Headquarters, National",,,,NIRF Disclosed / Ministry of Education,B.Tech; M.Tech; PhD,Computer Science; Mechanical; Civil; Electrical; Electronics,145,136.0,1734.0,12.8,66.4,10.0,,,85.0,128.0,13.3,,,,Available for Boys & Girls,3.0,,NIRF MHRD Disclosures,2021,,,,,,,,,,,,,,,,https://www.nirfindia.org,True,High,False,62.0,98.0,86.0,98.0,68.0,83.0,75.0,High
NIRF-78,National Institute of Technology Tiruchirappalli,National Institute of Technology Tiruchirappalli,Central University,Government,National,Headquarters,Headquarters,"National Institute of Technology Tiruchirappalli, Headquarters, National",,,,NIRF Disclosed / Ministry of Education,B.Tech; M.Tech; PhD,Computer Science; Mechanical; Civil; Electrical; Electronics,768,413.0,5493.0,13.3,69.2,10.5,,,556.0,803.0,22.2,,,,Available for Boys & Girls,3.0,,NIRF MHRD Disclosures,2021,,,,,,,,,,,,,,,,https://www.nirfindia.org,True,High,False,67.7,98.0,86.0,98.0,68.0,83.0,75.0,High
NIRF-INDIANINSTITUTEOFSCIENCE,Indian Institute of Science Education & Research Kolkata,Indian Institute of Science Education & Research Kolkata,Central University,Government,National,Headquarters,Headquarters,"Indian Institute of Science Education & Research Kolkata, Headquarters, National",,,,NIRF Disclosed / Ministry of Education,B.Tech; M.Tech; PhD,Computer Science; Mechanical; Civil; Electrical; Electronics,200,127.0,937.0,7.4,6.4,7.0,,,11.0,172.0,59.3,,,,Available for Boys & Girls,3.0,,NIRF MHRD Disclosures,2021,,,,,,,,,,,,,,,,https://www.nirfindia.org,True,High,False,35.3,98.0,86.0,98.0,68.0,83.0,75.0,High
NIRF-ANDHRAUNIVERSITYVISAKHAP,"Andhra University, Visakhapatnam","Andhra University, Visakhapatnam",State Government University,Government,Andhra Pradesh,Visakhapatnam,Visakhapatnam,"Andhra University, Visakhapatnam, Visakhapatnam, Andhra Pradesh",,,,NIRF Disclosed / Ministry of Education,B.Tech; M.Tech; PhD,Computer Science; Mechanical; Civil; Electrical; Electronics,120,684.0,9048.0,13.2,14.1,2.0,,,10.0,71.0,56.3,,,,Available for Boys & Girls,3.0,,NIRF MHRD Disclosures,2021,,,,,,,,,,,,,,,,https://www.nirfindia.org,True,High,False,20.6,98.0,86.0,92.0,68.0,83.0,75.0,High
NIRF-81,Indian Institute of Technology Bhubaneswar,Indian Institute of Technology Bhubaneswar,Central University,Government,National,Headquarters,Headquarters,"Indian Institute of Technology Bhubaneswar, Headquarters, National",,,,NIRF Disclosed / Ministry of Education,B.Tech; M.Tech; PhD,Computer Science; Mechanical; Civil; Electrical; Electronics,220,150.0,1836.0,12.2,80.0,13.5,,,156.0,195.0,2.1,,,,Available for Boys & Girls,3.0,,NIRF MHRD Disclosures,2021,,,,,,,,,,,,,,,,https://www.nirfindia.org,True,High,False,69.3,98.0,86.0,98.0,68.0,83.0,75.0,High
NIRF-SHANMUGHAARTSSCIENCETECH,Shanmugha Arts Science Technology & Research Academy,Shanmugha Arts Science Technology & Research Academy,Central University,Government,National,Headquarters,Headquarters,"Shanmugha Arts Science Technology & Research Academy, Headquarters, National",,,,NIRF Disclosed / Ministry of Education,B.Tech; M.Tech; PhD,Computer Science; Mechanical; Civil; Electrical; Electronics,120,722.0,9851.0,13.6,61.9,3.0,,,70.0,113.0,38.1,,,,Available for Boys & Girls,3.0,,NIRF MHRD Disclosures,2021,,,,,,,,,,,,,,,,https://www.nirfindia.org,True,High,False,41.4,98.0,86.0,98.0,68.0,83.0,75.0,High
NIRF-UNIVERSITYOFKASHMIR,University of Kashmir,University of Kashmir,Central University,Government,National,Headquarters,Headquarters,"University of Kashmir, Headquarters, National",,,,NIRF Disclosed / Ministry of Education,B.Tech; M.Tech; PhD,Computer Science; Mechanical; Civil; Electrical; Electronics,65,552.0,8672.0,15.7,32.8,8.0,,,20.0,61.0,24.6,,,,Available for Boys & Girls,3.0,,NIRF MHRD Disclosures,2021,,,,,,,,,,,,,,,,https://www.nirfindia.org,True,High,False,48.4,96.0,86.0,98.0,68.0,83.0,75.0,High
NIRF-GURUNANAKDEVUNIVERSITY,Guru Nanak Dev University,Guru Nanak Dev University,State Government University,Government,Punjab,Amritsar,Amritsar,"Guru Nanak Dev University, Amritsar, Punjab",,,,NIRF Disclosed / Ministry of Education,B.Tech; M.Tech; PhD,Computer Science; Mechanical; Civil; Electrical; Electronics,555,594.0,9756.0,16.4,70.4,3.5,,,333.0,473.0,29.6,,,,Available for Boys & Girls,3.0,,NIRF MHRD Disclosures,2021,,,,,,,,,,,,,,,,https://www.nirfindia.org,True,High,False,47.5,96.0,86.0,92.0,68.0,83.0,75.0,High
NIRF-DRDYPATILVIDYAPEETH,Dr. D. Y. Patil Vidyapeeth,Dr. D. Y. Patil Vidyapeeth,Deemed University (Private),Private,Maharashtra,Pune,Pune,"Dr. D. Y. Patil Vidyapeeth, Pune, Maharashtra",,,,NIRF Disclosed / Ministry of Education,B.Tech; M.Tech; PhD,Computer Science; Mechanical; Civil; Electrical; Electronics,290,651.0,4422.0,6.8,76.8,2.4,,,179.0,233.0,21.9,,,,Available for Boys & Girls,3.0,,NIRF MHRD Disclosures,2021,,,,,,,,,,,,,,,,https://www.nirfindia.org,True,High,False,44.5,98.0,62.0,92.0,68.0,83.0,75.0,High
NIRF-86,Indian Institute of Technology Delhi,Indian Institute of Technology Delhi,Central University,Government,National,Headquarters,Headquarters,"Indian Institute of Technology Delhi, Headquarters, National",,,,NIRF Disclosed / Ministry of Education,B.Tech; M.Tech; PhD,Computer Science; Mechanical; Civil; Electrical; Electronics,749,706.0,6359.0,9.0,78.6,15.5,,,511.0,650.0,13.8,,,,Available for Boys & Girls,3.0,,NIRF MHRD Disclosures,2021,,,,,,,,,,,,,,,,https://www.nirfindia.org,True,High,False,76.4,98.0,86.0,98.0,68.0,83.0,75.0,High
NIRF-SRISIVASUBRAMANIYANADARC,Sri Sivasubramaniya Nadar College of Engineering,Sri Sivasubramaniya Nadar College of Engineering,Central University,Government,National,Headquarters,Headquarters,"Sri Sivasubramaniya Nadar College of Engineering, Headquarters, National",,,,NIRF Disclosed / Ministry of Education,B.Tech; M.Tech; PhD,Computer Science; Mechanical; Civil; Electrical; Electronics,780,253.0,4102.0,16.2,82.4,5.0,,,579.0,703.0,15.2,,,,Available for Boys & Girls,3.0,,NIRF MHRD Disclosures,2021,,,,,,,,,,,,,,,,https://www.nirfindia.org,True,High,False,55.1,96.0,86.0,98.0,68.0,83.0,75.0,High
NIRF-KONERULAKSHMAIAHEDUCATIO,Koneru Lakshmaiah Education Foundation University (K L College of Engineering),Koneru Lakshmaiah Education Foundation University (K L College of Engineering),Central University,Government,National,Headquarters,Headquarters,"Koneru Lakshmaiah Education Foundation University (K L College of Engineering), Headquarters, National",,,,NIRF Disclosed / Ministry of Education,B.Tech; M.Tech; PhD,Computer Science; Mechanical; Civil; Electrical; Electronics,3740,1085.0,14891.0,13.7,50.1,4.35,,,1565.0,3123.0,9.9,,,,Available for Boys & Girls,3.0,,NIRF MHRD Disclosures,2021,,,,,,,,,,,,,,,,https://www.nirfindia.org,True,High,False,37.4,98.0,86.0,98.0,68.0,83.0,75.0,High
NIRF-UNIVERSITYOFDELHI,University of Delhi,University of Delhi,Central University,Government,National,Headquarters,Headquarters,"University of Delhi, Headquarters, National",,,,NIRF Disclosed / Ministry of Education,B.Tech; M.Tech; PhD,Computer Science; Mechanical; Civil; Electrical; Electronics,348,1060.0,21615.0,20.4,23.2,4.0,,,62.0,267.0,49.1,,,,Available for Boys & Girls,3.0,,NIRF MHRD Disclosures,2021,,,,,,,,,,,,,,,,https://www.nirfindia.org,True,High,False,31.1,94.0,86.0,98.0,68.0,83.0,75.0,High
NIRF-BANASTHALIVIDYAPITH,Banasthali Vidyapith,Banasthali Vidyapith,Deemed University (Private),Private,Rajasthan,Banasthali,Banasthali,"Banasthali Vidyapith, Banasthali, Rajasthan",,,,NIRF Disclosed / Ministry of Education,B.Tech; M.Tech; PhD,Computer Science; Mechanical; Civil; Electrical; Electronics,1335,661.0,11686.0,17.7,7.2,2.6,,,102.0,1421.0,61.5,,,,Available for Boys & Girls,3.0,,NIRF MHRD Disclosures,2021,,,,,,,,,,,,,,,,https://www.nirfindia.org,True,High,False,17.9,96.0,62.0,92.0,68.0,83.0,75.0,High
NIRF-SYMBIOSISINTERNATIONAL,Symbiosis International,Symbiosis International,Central University,Government,National,Headquarters,Headquarters,"Symbiosis International, Headquarters, National",,,,NIRF Disclosed / Ministry of Education,B.Tech; M.Tech; PhD,Computer Science; Mechanical; Civil; Electrical; Electronics,960,1255.0,17488.0,13.9,61.8,7.54,,,671.0,1086.0,38.2,,,,Available for Boys & Girls,3.0,,NIRF MHRD Disclosures,2021,,,,,,,,,,,,,,,,https://www.nirfindia.org,True,High,False,58.9,98.0,86.0,98.0,68.0,83.0,75.0,High
NIRF-92,Indian Institute of Technology (Banaras Hindu University) Varanasi,Indian Institute of Technology (Banaras Hindu University) Varanasi,Central University,Government,National,Headquarters,Headquarters,"Indian Institute of Technology (Banaras Hindu University) Varanasi, Headquarters, National",,,,NIRF Disclosed / Ministry of Education,B.Tech; M.Tech; PhD,Computer Science; Mechanical; Civil; Electrical; Electronics,815,343.0,5546.0,16.2,89.1,13.48,,,669.0,751.0,3.3,,,,Available for Boys & Girls,3.0,,NIRF MHRD Disclosures,2021,,,,,,,,,,,,,,,,https://www.nirfindia.org,True,High,False,73.4,96.0,86.0,98.0,68.0,83.0,75.0,High
NIRF-93,Indian Institute of Technology Kharagpur,Indian Institute of Technology Kharagpur,Central University,Government,National,Headquarters,Headquarters,"Indian Institute of Technology Kharagpur, Headquarters, National",,,,NIRF Disclosed / Ministry of Education,B.Tech; M.Tech; PhD,Computer Science; Mechanical; Civil; Electrical; Electronics,46,809.0,9351.0,11.6,93.9,8.5,,,31.0,33.0,6.1,,,,Available for Boys & Girls,3.0,,NIRF MHRD Disclosures,2021,,,,,,,,,,,,,,,,https://www.nirfindia.org,True,High,False,66.7,98.0,86.0,98.0,68.0,83.0,75.0,High
NIRF-KINGGEORGESMEDICALUNIVER,King George`s Medical University,King George`s Medical University,Central University,Government,National,Headquarters,Headquarters,"King George`s Medical University, Headquarters, National",,,,NIRF Disclosed / Ministry of Education,B.Tech; M.Tech; PhD,Computer Science; Mechanical; Civil; Electrical; Electronics,320,434.0,2487.0,5.7,44.7,9.0,,,130.0,291.0,37.5,,,,Available for Boys & Girls,3.0,,NIRF MHRD Disclosures,2021,,,,,,,,,,,,,,,,https://www.nirfindia.org,True,High,False,55.8,98.0,86.0,98.0,68.0,83.0,75.0,High
NIRF-95,National Institute of Technology Rourkela,National Institute of Technology Rourkela,Central University,Government,National,Headquarters,Headquarters,"National Institute of Technology Rourkela, Headquarters, National",,,,NIRF Disclosed / Ministry of Education,B.Tech; M.Tech; PhD,Computer Science; Mechanical; Civil; Electrical; Electronics,610,388.0,5463.0,14.1,79.0,7.11,,,430.0,544.0,14.7,,,,Available for Boys & Girls,3.0,,NIRF MHRD Disclosures,2021,,,,,,,,,,,,,,,,https://www.nirfindia.org,True,High,False,60.5,98.0,86.0,98.0,68.0,83.0,75.0,High
NIRF-OSMANIAUNIVERSITY,Osmania University,Osmania University,Central University,Government,National,Headquarters,Headquarters,"Osmania University, Headquarters, National",,,,NIRF Disclosed / Ministry of Education,B.Tech; M.Tech; PhD,Computer Science; Mechanical; Civil; Electrical; Electronics,60,428.0,7475.0,17.5,45.5,3.25,,,25.0,55.0,40.0,,,,Available for Boys & Girls,3.0,,NIRF MHRD Disclosures,2021,,,,,,,,,,,,,,,,https://www.nirfindia.org,True,High,False,36.3,96.0,86.0,98.0,68.0,83.0,75.0,High
NIRF-97,Indian Institute of Technology Kanpur,Indian Institute of Technology Kanpur,Central University,Government,National,Headquarters,Headquarters,"Indian Institute of Technology Kanpur, Headquarters, National",,,,NIRF Disclosed / Ministry of Education,B.Tech; M.Tech; PhD,Computer Science; Mechanical; Civil; Electrical; Electronics,827,499.0,5414.0,10.8,58.7,17.0,,,463.0,789.0,41.2,,,,Available for Boys & Girls,3.0,,NIRF MHRD Disclosures,2021,,,,,,,,,,,,,,,,https://www.nirfindia.org,True,High,False,75.0,98.0,86.0,98.0,68.0,83.0,75.0,High
NIRF-KALINGAINSTITUTEOFINDUST,Kalinga Institute of Industrial Technology,Kalinga Institute of Industrial Technology,Central University,Government,National,Headquarters,Headquarters,"Kalinga Institute of Industrial Technology, Headquarters, National",,,,NIRF Disclosed / Ministry of Education,B.Tech; M.Tech; PhD,Computer Science; Mechanical; Civil; Electrical; Electronics,1260,1895.0,24710.0,13.0,89.3,6.0,,,1005.0,1126.0,10.7,,,,Available for Boys & Girls,3.0,,NIRF MHRD Disclosures,2021,,,,,,,,,,,,,,,,https://www.nirfindia.org,True,High,False,59.6,98.0,86.0,98.0,68.0,83.0,75.0,High
NIRF-AMITYUNIVERSITY,Amity University,Amity University,Private University,Private,Uttar Pradesh,Noida,Noida,"Amity University, Noida, Uttar Pradesh",,,,NIRF Disclosed / Ministry of Education,B.Tech; M.Tech; PhD,Computer Science; Mechanical; Civil; Electrical; Electronics,4680,2068.0,36920.0,17.9,6.6,3.0,,,286.0,4323.0,66.5,,,,Available for Boys & Girls,3.0,,NIRF MHRD Disclosures,2021,,,,,,,,,,,,,,,,https://www.nirfindia.org,True,High,False,19.3,96.0,62.0,92.0,68.0,83.0,75.0,High
NIRF-BIRLAINSTITUTEOFTECHNOLO,Birla Institute of Technology & Science -Pilani,Birla Institute of Technology & Science -Pilani,Central University,Government,National,Headquarters,Headquarters,"Birla Institute of Technology & Science -Pilani, Headquarters, National",,,,NIRF Disclosed / Ministry of Education,B.Tech; M.Tech; PhD,Computer Science; Mechanical; Civil; Electrical; Electronics,2196,785.0,13171.0,16.8,87.6,14.0,,,1869.0,2134.0,7.3,,,,Available for Boys & Girls,3.0,,NIRF MHRD Disclosures,2021,,,,,,,,,,,,,,,,https://www.nirfindia.org,True,High,False,75.2,96.0,86.0,98.0,68.0,83.0,75.0,High
NIRF-BANARASHINDUUNIVERSITY,Banaras Hindu University,Banaras Hindu University,Central University,Government,Uttar Pradesh,Varanasi,Varanasi,"Banaras Hindu University, Varanasi, Uttar Pradesh",,,,NIRF Disclosed / Ministry of Education,B.Tech; M.Tech; PhD,Computer Science; Mechanical; Civil; Electrical; Electronics,3713,1535.0,25585.0,16.7,11.0,6.5,,,387.0,3514.0,88.2,,,,Available for Boys & Girls,3.0,,NIRF MHRD Disclosures,2021,,,,,,,,,,,,,,,,https://www.nirfindia.org,True,High,False,35.6,96.0,86.0,98.0,68.0,83.0,75.0,High
NIRF-102,Indian Institute of Science,Indian Institute of Science,Central University,Government,National,Headquarters,Headquarters,"Indian Institute of Science, Headquarters, National",,,,NIRF Disclosed / Ministry of Education,B.Tech; M.Tech; PhD,Computer Science; Mechanical; Civil; Electrical; Electronics,120,464.0,1438.0,3.1,14.5,10.0,,,12.0,83.0,85.5,,,,Available for Boys & Girls,3.0,,NIRF MHRD Disclosures,2021,,,,,,,,,,,,,,,,https://www.nirfindia.org,True,High,False,45.9,98.0,86.0,98.0,68.0,83.0,75.0,High
NIRF-SRIVENKATESWARAUNIVERSIT,Sri Venkateswara University,Sri Venkateswara University,Central University,Government,National,Headquarters,Headquarters,"Sri Venkateswara University, Headquarters, National",,,,NIRF Disclosed / Ministry of Education,B.Tech; M.Tech; PhD,Computer Science; Mechanical; Civil; Electrical; Electronics,180,510.0,6967.0,13.7,19.2,3.0,,,25.0,130.0,11.5,,,,Available for Boys & Girls,3.0,,NIRF MHRD Disclosures,2021,,,,,,,,,,,,,,,,https://www.nirfindia.org,True,High,False,18.9,98.0,86.0,98.0,68.0,83.0,75.0,High
NIRF-104,Indian Institute of Science Education & Research Bhopal,Indian Institute of Science Education & Research Bhopal,Central University,Government,National,Headquarters,Headquarters,"Indian Institute of Science Education & Research Bhopal, Headquarters, National",,,,NIRF Disclosed / Ministry of Education,B.Tech; M.Tech; PhD,Computer Science; Mechanical; Civil; Electrical; Electronics,0,135.0,1194.0,8.8,17.3,8.0,,,0.0,0.0,,,,,Available for Boys & Girls,3.0,,NIRF MHRD Disclosures,2021,,,,,,,,,,,,,,,,https://www.nirfindia.org,True,High,False,36.0,98.0,86.0,98.0,68.0,83.0,75.0,High
NIRF-SRIRAMACHANDRAINSTITUTEO,Sri Ramachandra Institute of Higher Education and Research,Sri Ramachandra Institute of Higher Education and Research,Central University,Government,National,Headquarters,Headquarters,"Sri Ramachandra Institute of Higher Education and Research, Headquarters, National",,,,NIRF Disclosed / Ministry of Education,B.Tech; M.Tech; PhD,Computer Science; Mechanical; Civil; Electrical; Electronics,90,747.0,6744.0,9.0,35.3,2.7,,,30.0,85.0,58.8,,,,Available for Boys & Girls,3.0,,NIRF MHRD Disclosures,2021,,,,,,,,,,,,,,,,https://www.nirfindia.org,True,High,False,29.1,98.0,86.0,98.0,68.0,83.0,75.0,High
NIRF-BHARATHIARUNIVERSITY,Bharathiar University,Bharathiar University,State Government University,Government,Tamil Nadu,Coimbatore,Coimbatore,"Bharathiar University, Coimbatore, Tamil Nadu",,,,NIRF Disclosed / Ministry of Education,B.Tech; M.Tech; PhD,Computer Science; Mechanical; Civil; Electrical; Electronics,160,283.0,2956.0,10.4,48.1,1.8,,,62.0,129.0,43.4,,,,Available for Boys & Girls,3.0,,NIRF MHRD Disclosures,2021,,,,,,,,,,,,,,,,https://www.nirfindia.org,True,High,False,34.2,98.0,86.0,92.0,68.0,83.0,75.0,High
NIRF-CALCUTTAUNIVERSITY,Calcutta University,Calcutta University,State Government University,Government,West Bengal,Kolkata,Kolkata,"Calcutta University, Kolkata, West Bengal",,,,NIRF Disclosed / Ministry of Education,B.Tech; M.Tech; PhD,Computer Science; Mechanical; Civil; Electrical; Electronics,750,1275.0,15224.0,11.9,61.2,8.63,,,438.0,716.0,38.8,,,,Available for Boys & Girls,3.0,,NIRF MHRD Disclosures,2021,,,,,,,,,,,,,,,,https://www.nirfindia.org,True,High,False,61.5,98.0,86.0,92.0,68.0,83.0,75.0,High
NIRF-DATTAMEGHEINSTITUTEOFMED,Datta Meghe Institute of Medical Sciences,Datta Meghe Institute of Medical Sciences,Central University,Government,National,Headquarters,Headquarters,"Datta Meghe Institute of Medical Sciences, Headquarters, National",,,,NIRF Disclosed / Ministry of Education,B.Tech; M.Tech; PhD,Computer Science; Mechanical; Civil; Electrical; Electronics,100,537.0,3887.0,7.2,94.2,3.78,,,81.0,86.0,5.8,,,,Available for Boys & Girls,3.0,,NIRF MHRD Disclosures,2021,,,,,,,,,,,,,,,,https://www.nirfindia.org,True,High,False,50.8,98.0,86.0,98.0,68.0,83.0,75.0,High
NIRF-ALIGARHMUSLIMUNIVERSITY,Aligarh Muslim University,Aligarh Muslim University,Central University,Government,Uttar Pradesh,Aligarh,Aligarh,"Aligarh Muslim University, Aligarh, Uttar Pradesh",,,,NIRF Disclosed / Ministry of Education,B.Tech; M.Tech; PhD,Computer Science; Mechanical; Civil; Electrical; Electronics,2926,1674.0,20198.0,12.1,8.1,5.0,,,174.0,2142.0,86.0,,,,Available for Boys & Girls,3.0,,NIRF MHRD Disclosures,2021,,,,,,,,,,,,,,,,https://www.nirfindia.org,True,High,False,29.3,98.0,86.0,98.0,68.0,83.0,75.0,High
NIRF-110,Indian Institute of Technology Patna,Indian Institute of Technology Patna,Central University,Government,National,Headquarters,Headquarters,"Indian Institute of Technology Patna, Headquarters, National",,,,NIRF Disclosed / Ministry of Education,B.Tech; M.Tech; PhD,Computer Science; Mechanical; Civil; Electrical; Electronics,200,127.0,1276.0,10.0,61.8,14.0,,,118.0,191.0,4.2,,,,Available for Boys & Girls,3.0,,NIRF MHRD Disclosures,2021,,,,,,,,,,,,,,,,https://www.nirfindia.org,True,High,False,63.7,98.0,86.0,98.0,68.0,83.0,75.0,High
NIRF-GAUHATIUNIVERSITY,Gauhati University,Gauhati University,State Government University,Government,Assam,Guwahati,Guwahati,"Gauhati University, Guwahati, Assam",,,,NIRF Disclosed / Ministry of Education,B.Tech; M.Tech; PhD,Computer Science; Mechanical; Civil; Electrical; Electronics,120,380.0,5740.0,15.1,43.2,3.15,,,48.0,111.0,46.8,,,,Available for Boys & Girls,3.0,,NIRF MHRD Disclosures,2021,,,,,,,,,,,,,,,,https://www.nirfindia.org,True,High,False,34.8,96.0,86.0,92.0,68.0,83.0,75.0,High
NIRF-VISVABHARATI,Visva Bharati,Visva Bharati,Central University,Government,National,Headquarters,Headquarters,"Visva Bharati, Headquarters, National",,,,NIRF Disclosed / Ministry of Education,B.Tech; M.Tech; PhD,Computer Science; Mechanical; Civil; Electrical; Electronics,1416,450.0,7298.0,16.2,19.3,6.5,,,245.0,1270.0,78.3,,,,Available for Boys & Girls,2.0,,NIRF MHRD Disclosures,2021,,,,,,,,,,,,,,,,https://www.nirfindia.org,True,High,False,38.9,96.0,86.0,98.0,68.0,83.0,75.0,High
